set,image_file,platform_note,caption,link,hashtags
01,01-free-checkup-13.jpg,Square 1080×1080 — Facebook / TikTok,"Got a stack of passwords saved in your browser and hope that counts as a plan?

We see that a lot around Bakersfield and Kern County. A free cyber checkup flags weak spots like old software, risky settings, and signs your info may already be out there.

You'll get a score and a short list of next steps.

Start your free cyber checkup here: https://www.everacyber.com/checkup-start?utm_source=facebook&utm_medium=social&utm_campaign=free-cyber-checkup&utm_content=free-checkup-13",https://www.everacyber.com/checkup-start?utm_source=facebook&utm_medium=social&utm_campaign=free-cyber-checkup&utm_content=free-checkup-13,#EveraCyber #HomeCybersecurity #KernCounty
01,01-free-checkup-13-ig.jpg,Portrait 1080×1350 — Instagram,"Got a stack of passwords saved in your browser and hope that counts as a plan?

We see that a lot around Bakersfield and Kern County. A free cyber checkup flags weak spots like old software, risky settings, and signs your info may already be out there.

You'll get a score and a short list of next steps.

Start your free cyber checkup here: https://www.everacyber.com/checkup-start?utm_source=instagram&utm_medium=social&utm_campaign=free-cyber-checkup&utm_content=free-checkup-13",https://www.everacyber.com/checkup-start?utm_source=instagram&utm_medium=social&utm_campaign=free-cyber-checkup&utm_content=free-checkup-13,#EveraCyber #HomeCybersecurity #KernCounty
01,01-free-checkup-18-new.jpg,Square 1080×1080 — Facebook / TikTok,"Your antivirus icon is green. Does that mean you're actually covered?

Usually it means one piece is working. A free cyber checkup looks at the whole house: network, devices, and common scam entry points.

Easy to read, no geek speak.

Start your free cyber checkup here: https://www.everacyber.com/checkup-start?utm_source=facebook&utm_medium=social&utm_campaign=free-cyber-checkup&utm_content=free-checkup-18-new",https://www.everacyber.com/checkup-start?utm_source=facebook&utm_medium=social&utm_campaign=free-cyber-checkup&utm_content=free-checkup-18-new,#EveraCyber #HomeCybersecurity #KernCounty
01,01-free-checkup-18-new-ig.jpg,Portrait 1080×1350 — Instagram,"Your antivirus icon is green. Does that mean you're actually covered?

Usually it means one piece is working. A free cyber checkup looks at the whole house: network, devices, and common scam entry points.

Easy to read, no geek speak.

Start your free cyber checkup here: https://www.everacyber.com/checkup-start?utm_source=instagram&utm_medium=social&utm_campaign=free-cyber-checkup&utm_content=free-checkup-18-new",https://www.everacyber.com/checkup-start?utm_source=instagram&utm_medium=social&utm_campaign=free-cyber-checkup&utm_content=free-checkup-18-new,#EveraCyber #HomeCybersecurity #KernCounty
01,01-free-checkup-4.jpg,Square 1080×1080 — Facebook / TikTok,"When was the last time you looked at how healthy your home network actually is?

Most of us set up Wi‑Fi years ago and never think about it again. A free cyber checkup shows where your devices and accounts might be exposed, in plain language.

No pressure, just a clear picture of what to fix first.

Start your free cyber checkup here: https://www.everacyber.com/checkup-start?utm_source=facebook&utm_medium=social&utm_campaign=free-cyber-checkup&utm_content=free-checkup-4",https://www.everacyber.com/checkup-start?utm_source=facebook&utm_medium=social&utm_campaign=free-cyber-checkup&utm_content=free-checkup-4,#EveraCyber #HomeCybersecurity #KernCounty
01,01-free-checkup-4-ig.jpg,Portrait 1080×1350 — Instagram,"When was the last time you looked at how healthy your home network actually is?

Most of us set up Wi‑Fi years ago and never think about it again. A free cyber checkup shows where your devices and accounts might be exposed, in plain language.

No pressure, just a clear picture of what to fix first.

Start your free cyber checkup here: https://www.everacyber.com/checkup-start?utm_source=instagram&utm_medium=social&utm_campaign=free-cyber-checkup&utm_content=free-checkup-4",https://www.everacyber.com/checkup-start?utm_source=instagram&utm_medium=social&utm_campaign=free-cyber-checkup&utm_content=free-checkup-4,#EveraCyber #HomeCybersecurity #KernCounty
01,01-free-checkup-6-new.jpg,Square 1080×1080 — Facebook / TikTok,"Thinking about upgrading your home internet gear but not sure what is safe to buy?

Wrong settings on a new router can leave you wide open. Start with a free cyber checkup so you know what shape you're in before you change anything.

We'll point out what matters for your setup.

Start your free cyber checkup here: https://www.everacyber.com/checkup-start?utm_source=facebook&utm_medium=social&utm_campaign=free-cyber-checkup&utm_content=free-checkup-6-new",https://www.everacyber.com/checkup-start?utm_source=facebook&utm_medium=social&utm_campaign=free-cyber-checkup&utm_content=free-checkup-6-new,#EveraCyber #HomeCybersecurity #KernCounty
01,01-free-checkup-6-new-ig.jpg,Portrait 1080×1350 — Instagram,"Thinking about upgrading your home internet gear but not sure what is safe to buy?

Wrong settings on a new router can leave you wide open. Start with a free cyber checkup so you know what shape you're in before you change anything.

We'll point out what matters for your setup.

Start your free cyber checkup here: https://www.everacyber.com/checkup-start?utm_source=instagram&utm_medium=social&utm_campaign=free-cyber-checkup&utm_content=free-checkup-6-new",https://www.everacyber.com/checkup-start?utm_source=instagram&utm_medium=social&utm_campaign=free-cyber-checkup&utm_content=free-checkup-6-new,#EveraCyber #HomeCybersecurity #KernCounty
01,01-free-checkup-9.jpg,Square 1080×1080 — Facebook / TikTok,"Kids are on tablets, you're paying bills online, and the router is blinking in the closet.

That is a lot of doors for bad guys to knock on. A free cyber checkup walks through the basics: devices, Wi‑Fi, email, and the simple fixes that help.

Takes a few minutes and you keep the report.

Start your free cyber checkup here: https://www.everacyber.com/checkup-start?utm_source=facebook&utm_medium=social&utm_campaign=free-cyber-checkup&utm_content=free-checkup-9",https://www.everacyber.com/checkup-start?utm_source=facebook&utm_medium=social&utm_campaign=free-cyber-checkup&utm_content=free-checkup-9,#EveraCyber #HomeCybersecurity #KernCounty
01,01-free-checkup-9-ig.jpg,Portrait 1080×1350 — Instagram,"Kids are on tablets, you're paying bills online, and the router is blinking in the closet.

That is a lot of doors for bad guys to knock on. A free cyber checkup walks through the basics: devices, Wi‑Fi, email, and the simple fixes that help.

Takes a few minutes and you keep the report.

Start your free cyber checkup here: https://www.everacyber.com/checkup-start?utm_source=instagram&utm_medium=social&utm_campaign=free-cyber-checkup&utm_content=free-checkup-9",https://www.everacyber.com/checkup-start?utm_source=instagram&utm_medium=social&utm_campaign=free-cyber-checkup&utm_content=free-checkup-9,#EveraCyber #HomeCybersecurity #KernCounty
02,02-plans-pricing-1.jpg,Square 1080×1080 — Facebook / TikTok,"Antivirus alone doesn't stop the texts about fake deliveries or the ""bank"" calls anymore.

Evera is built for homes, not office IT. You get protection on your devices plus real U.S.-based people when something feels off.

We also have a limited-time Founding Member offer that locks in your pricing for the first 12 months.

See plans and start here: https://www.everacyber.com/checkup-start?utm_source=facebook&utm_medium=social&utm_campaign=plans-pricing&utm_content=plans-pricing-1",https://www.everacyber.com/checkup-start?utm_source=facebook&utm_medium=social&utm_campaign=plans-pricing&utm_content=plans-pricing-1,#EveraCyber #HomeCybersecurity #CyberSafety
02,02-plans-pricing-1-ig.jpg,Portrait 1080×1350 — Instagram,"Antivirus alone doesn't stop the texts about fake deliveries or the ""bank"" calls anymore.

Evera is built for homes, not office IT. You get protection on your devices plus real U.S.-based people when something feels off.

We also have a limited-time Founding Member offer that locks in your pricing for the first 12 months.

See plans and start here: https://www.everacyber.com/checkup-start?utm_source=instagram&utm_medium=social&utm_campaign=plans-pricing&utm_content=plans-pricing-1",https://www.everacyber.com/checkup-start?utm_source=instagram&utm_medium=social&utm_campaign=plans-pricing&utm_content=plans-pricing-1,#EveraCyber #HomeCybersecurity #CyberSafety
02,02-plans-pricing-10-new.jpg,Square 1080×1080 — Facebook / TikTok,"Need an extra computer covered without jumping to the next plan?

Add another PC or Mac for $15/mo. Handy when a kid heads to college with a hand‑me‑down laptop.

We also have a limited-time Founding Member offer that locks in your pricing for the first 12 months.

See plans and start here: https://www.everacyber.com/checkup-start?utm_source=facebook&utm_medium=social&utm_campaign=plans-pricing&utm_content=plans-pricing-10-new",https://www.everacyber.com/checkup-start?utm_source=facebook&utm_medium=social&utm_campaign=plans-pricing&utm_content=plans-pricing-10-new,#EveraCyber #HomeCybersecurity #CyberSafety
02,02-plans-pricing-10-new-ig.jpg,Portrait 1080×1350 — Instagram,"Need an extra computer covered without jumping to the next plan?

Add another PC or Mac for $15/mo. Handy when a kid heads to college with a hand‑me‑down laptop.

We also have a limited-time Founding Member offer that locks in your pricing for the first 12 months.

See plans and start here: https://www.everacyber.com/checkup-start?utm_source=instagram&utm_medium=social&utm_campaign=plans-pricing&utm_content=plans-pricing-10-new",https://www.everacyber.com/checkup-start?utm_source=instagram&utm_medium=social&utm_campaign=plans-pricing&utm_content=plans-pricing-10-new,#EveraCyber #HomeCybersecurity #CyberSafety
02,02-plans-pricing-11-new.jpg,Square 1080×1080 — Facebook / TikTok,"Traveling for work or visiting family and living on hotel Wi‑Fi?

Internet Protection ($14/mo) adds a layer when you're not on your own router.

We also have a limited-time Founding Member offer that locks in your pricing for the first 12 months.

See plans and start here: https://www.everacyber.com/checkup-start?utm_source=facebook&utm_medium=social&utm_campaign=plans-pricing&utm_content=plans-pricing-11-new",https://www.everacyber.com/checkup-start?utm_source=facebook&utm_medium=social&utm_campaign=plans-pricing&utm_content=plans-pricing-11-new,#EveraCyber #HomeCybersecurity #CyberSafety
02,02-plans-pricing-11-new-ig.jpg,Portrait 1080×1350 — Instagram,"Traveling for work or visiting family and living on hotel Wi‑Fi?

Internet Protection ($14/mo) adds a layer when you're not on your own router.

We also have a limited-time Founding Member offer that locks in your pricing for the first 12 months.

See plans and start here: https://www.everacyber.com/checkup-start?utm_source=instagram&utm_medium=social&utm_campaign=plans-pricing&utm_content=plans-pricing-11-new",https://www.everacyber.com/checkup-start?utm_source=instagram&utm_medium=social&utm_campaign=plans-pricing&utm_content=plans-pricing-11-new,#EveraCyber #HomeCybersecurity #CyberSafety
02,02-plans-pricing-11.jpg,Square 1080×1080 — Facebook / TikTok,"Public Wi‑Fi at coffee shops is convenient. It's also a favorite spot for snoops.

Internet Protection is $14/mo and helps keep traffic safer when you're off your home network.

We also have a limited-time Founding Member offer that locks in your pricing for the first 12 months.

See plans and start here: https://www.everacyber.com/checkup-start?utm_source=facebook&utm_medium=social&utm_campaign=plans-pricing&utm_content=plans-pricing-11",https://www.everacyber.com/checkup-start?utm_source=facebook&utm_medium=social&utm_campaign=plans-pricing&utm_content=plans-pricing-11,#EveraCyber #HomeCybersecurity #CyberSafety
02,02-plans-pricing-11-ig.jpg,Portrait 1080×1350 — Instagram,"Public Wi‑Fi at coffee shops is convenient. It's also a favorite spot for snoops.

Internet Protection is $14/mo and helps keep traffic safer when you're off your home network.

We also have a limited-time Founding Member offer that locks in your pricing for the first 12 months.

See plans and start here: https://www.everacyber.com/checkup-start?utm_source=instagram&utm_medium=social&utm_campaign=plans-pricing&utm_content=plans-pricing-11",https://www.everacyber.com/checkup-start?utm_source=instagram&utm_medium=social&utm_campaign=plans-pricing&utm_content=plans-pricing-11,#EveraCyber #HomeCybersecurity #CyberSafety
02,02-plans-pricing-12.jpg,Square 1080×1080 — Facebook / TikTok,"Sometimes you just need a human to remote in and fix the printer… or the virus you swear you didn't click.

Remote Tech Support is $49/mo if you want scheduled help from our U.S. team.

We also have a limited-time Founding Member offer that locks in your pricing for the first 12 months.

See plans and start here: https://www.everacyber.com/checkup-start?utm_source=facebook&utm_medium=social&utm_campaign=plans-pricing&utm_content=plans-pricing-12",https://www.everacyber.com/checkup-start?utm_source=facebook&utm_medium=social&utm_campaign=plans-pricing&utm_content=plans-pricing-12,#EveraCyber #HomeCybersecurity #CyberSafety
02,02-plans-pricing-12-ig.jpg,Portrait 1080×1350 — Instagram,"Sometimes you just need a human to remote in and fix the printer… or the virus you swear you didn't click.

Remote Tech Support is $49/mo if you want scheduled help from our U.S. team.

We also have a limited-time Founding Member offer that locks in your pricing for the first 12 months.

See plans and start here: https://www.everacyber.com/checkup-start?utm_source=instagram&utm_medium=social&utm_campaign=plans-pricing&utm_content=plans-pricing-12",https://www.everacyber.com/checkup-start?utm_source=instagram&utm_medium=social&utm_campaign=plans-pricing&utm_content=plans-pricing-12,#EveraCyber #HomeCybersecurity #CyberSafety
02,02-plans-pricing-15-new.jpg,Square 1080×1080 — Facebook / TikTok,"Data breaches hit big stores and small towns alike.

For $19/mo, Identity Protection helps you watch for misuse and know who to call if something slips through.

We also have a limited-time Founding Member offer that locks in your pricing for the first 12 months.

See plans and start here: https://www.everacyber.com/checkup-start?utm_source=facebook&utm_medium=social&utm_campaign=plans-pricing&utm_content=plans-pricing-15-new",https://www.everacyber.com/checkup-start?utm_source=facebook&utm_medium=social&utm_campaign=plans-pricing&utm_content=plans-pricing-15-new,#EveraCyber #HomeCybersecurity #CyberSafety
02,02-plans-pricing-15-new-ig.jpg,Portrait 1080×1350 — Instagram,"Data breaches hit big stores and small towns alike.

For $19/mo, Identity Protection helps you watch for misuse and know who to call if something slips through.

We also have a limited-time Founding Member offer that locks in your pricing for the first 12 months.

See plans and start here: https://www.everacyber.com/checkup-start?utm_source=instagram&utm_medium=social&utm_campaign=plans-pricing&utm_content=plans-pricing-15-new",https://www.everacyber.com/checkup-start?utm_source=instagram&utm_medium=social&utm_campaign=plans-pricing&utm_content=plans-pricing-15-new,#EveraCyber #HomeCybersecurity #CyberSafety
02,02-plans-pricing-15.jpg,Square 1080×1080 — Facebook / TikTok,"Identity theft cleanup is a nightmare you don't want to DIY.

Identity Protection is $19/mo and pairs with monitoring so you get a heads‑up early.

We also have a limited-time Founding Member offer that locks in your pricing for the first 12 months.

See plans and start here: https://www.everacyber.com/checkup-start?utm_source=facebook&utm_medium=social&utm_campaign=plans-pricing&utm_content=plans-pricing-15",https://www.everacyber.com/checkup-start?utm_source=facebook&utm_medium=social&utm_campaign=plans-pricing&utm_content=plans-pricing-15,#EveraCyber #HomeCybersecurity #CyberSafety
02,02-plans-pricing-15-ig.jpg,Portrait 1080×1350 — Instagram,"Identity theft cleanup is a nightmare you don't want to DIY.

Identity Protection is $19/mo and pairs with monitoring so you get a heads‑up early.

We also have a limited-time Founding Member offer that locks in your pricing for the first 12 months.

See plans and start here: https://www.everacyber.com/checkup-start?utm_source=instagram&utm_medium=social&utm_campaign=plans-pricing&utm_content=plans-pricing-15",https://www.everacyber.com/checkup-start?utm_source=instagram&utm_medium=social&utm_campaign=plans-pricing&utm_content=plans-pricing-15,#EveraCyber #HomeCybersecurity #CyberSafety
02,02-plans-pricing-16-new.jpg,Square 1080×1080 — Facebook / TikTok,"That ""your computer is locked"" screen is scary. We see it weekly.

Cyber Cleanup ($99, or $49 with a plan) is a one‑time deep clean before we put ongoing protection on.

We also have a limited-time Founding Member offer that locks in your pricing for the first 12 months.

See plans and start here: https://www.everacyber.com/checkup-start?utm_source=facebook&utm_medium=social&utm_campaign=plans-pricing&utm_content=plans-pricing-16-new",https://www.everacyber.com/checkup-start?utm_source=facebook&utm_medium=social&utm_campaign=plans-pricing&utm_content=plans-pricing-16-new,#EveraCyber #HomeCybersecurity #CyberSafety
02,02-plans-pricing-16-new-ig.jpg,Portrait 1080×1350 — Instagram,"That ""your computer is locked"" screen is scary. We see it weekly.

Cyber Cleanup ($99, or $49 with a plan) is a one‑time deep clean before we put ongoing protection on.

We also have a limited-time Founding Member offer that locks in your pricing for the first 12 months.

See plans and start here: https://www.everacyber.com/checkup-start?utm_source=instagram&utm_medium=social&utm_campaign=plans-pricing&utm_content=plans-pricing-16-new",https://www.everacyber.com/checkup-start?utm_source=instagram&utm_medium=social&utm_campaign=plans-pricing&utm_content=plans-pricing-16-new,#EveraCyber #HomeCybersecurity #CyberSafety
02,02-plans-pricing-16.jpg,Square 1080×1080 — Facebook / TikTok,"Already infected or handing a slow PC to your parents?

Cyber Cleanup is $99 standalone, or $49 when you add a plan. We scrub malware and tighten settings.

We also have a limited-time Founding Member offer that locks in your pricing for the first 12 months.

See plans and start here: https://www.everacyber.com/checkup-start?utm_source=facebook&utm_medium=social&utm_campaign=plans-pricing&utm_content=plans-pricing-16",https://www.everacyber.com/checkup-start?utm_source=facebook&utm_medium=social&utm_campaign=plans-pricing&utm_content=plans-pricing-16,#EveraCyber #HomeCybersecurity #CyberSafety
02,02-plans-pricing-16-ig.jpg,Portrait 1080×1350 — Instagram,"Already infected or handing a slow PC to your parents?

Cyber Cleanup is $99 standalone, or $49 when you add a plan. We scrub malware and tighten settings.

We also have a limited-time Founding Member offer that locks in your pricing for the first 12 months.

See plans and start here: https://www.everacyber.com/checkup-start?utm_source=instagram&utm_medium=social&utm_campaign=plans-pricing&utm_content=plans-pricing-16",https://www.everacyber.com/checkup-start?utm_source=instagram&utm_medium=social&utm_campaign=plans-pricing&utm_content=plans-pricing-16,#EveraCyber #HomeCybersecurity #CyberSafety
02,02-plans-pricing-17-new.jpg,Square 1080×1080 — Facebook / TikTok,"Comparing us to the antivirus bundle that came free with your laptop?

Those tools rarely include someone you can call when a scammer is on the phone with Mom.

We also have a limited-time Founding Member offer that locks in your pricing for the first 12 months.

See plans and start here: https://www.everacyber.com/checkup-start?utm_source=facebook&utm_medium=social&utm_campaign=plans-pricing&utm_content=plans-pricing-17-new",https://www.everacyber.com/checkup-start?utm_source=facebook&utm_medium=social&utm_campaign=plans-pricing&utm_content=plans-pricing-17-new,#EveraCyber #HomeCybersecurity #CyberSafety
02,02-plans-pricing-17-new-ig.jpg,Portrait 1080×1350 — Instagram,"Comparing us to the antivirus bundle that came free with your laptop?

Those tools rarely include someone you can call when a scammer is on the phone with Mom.

We also have a limited-time Founding Member offer that locks in your pricing for the first 12 months.

See plans and start here: https://www.everacyber.com/checkup-start?utm_source=instagram&utm_medium=social&utm_campaign=plans-pricing&utm_content=plans-pricing-17-new",https://www.everacyber.com/checkup-start?utm_source=instagram&utm_medium=social&utm_campaign=plans-pricing&utm_content=plans-pricing-17-new,#EveraCyber #HomeCybersecurity #CyberSafety
02,02-plans-pricing-17.jpg,Square 1080×1080 — Facebook / TikTok,"Not sure which plan fits? Most households land on Home+.

We can walk through device counts and habits on a quick call before you commit.

We also have a limited-time Founding Member offer that locks in your pricing for the first 12 months.

See plans and start here: https://www.everacyber.com/checkup-start?utm_source=facebook&utm_medium=social&utm_campaign=plans-pricing&utm_content=plans-pricing-17",https://www.everacyber.com/checkup-start?utm_source=facebook&utm_medium=social&utm_campaign=plans-pricing&utm_content=plans-pricing-17,#EveraCyber #HomeCybersecurity #CyberSafety
02,02-plans-pricing-17-ig.jpg,Portrait 1080×1350 — Instagram,"Not sure which plan fits? Most households land on Home+.

We can walk through device counts and habits on a quick call before you commit.

We also have a limited-time Founding Member offer that locks in your pricing for the first 12 months.

See plans and start here: https://www.everacyber.com/checkup-start?utm_source=instagram&utm_medium=social&utm_campaign=plans-pricing&utm_content=plans-pricing-17",https://www.everacyber.com/checkup-start?utm_source=instagram&utm_medium=social&utm_campaign=plans-pricing&utm_content=plans-pricing-17,#EveraCyber #HomeCybersecurity #CyberSafety
02,02-plans-pricing-18.jpg,Square 1080×1080 — Facebook / TikTok,"Bundles are only useful if you understand the bill.

Plans start at Personal $24/mo (regular $29), Home+ $49/mo ($59), and Family $74/mo ($89). Add-ons include extra computer $15/mo, Internet Protection $14/mo, Remote Tech Support $49/mo, and Identity Protection $19/mo.

See plans and start here: https://www.everacyber.com/checkup-start?utm_source=facebook&utm_medium=social&utm_campaign=plans-pricing&utm_content=plans-pricing-18",https://www.everacyber.com/checkup-start?utm_source=facebook&utm_medium=social&utm_campaign=plans-pricing&utm_content=plans-pricing-18,#EveraCyber #HomeCybersecurity #CyberSafety
02,02-plans-pricing-18-ig.jpg,Portrait 1080×1350 — Instagram,"Bundles are only useful if you understand the bill.

Plans start at Personal $24/mo (regular $29), Home+ $49/mo ($59), and Family $74/mo ($89). Add-ons include extra computer $15/mo, Internet Protection $14/mo, Remote Tech Support $49/mo, and Identity Protection $19/mo.

See plans and start here: https://www.everacyber.com/checkup-start?utm_source=instagram&utm_medium=social&utm_campaign=plans-pricing&utm_content=plans-pricing-18",https://www.everacyber.com/checkup-start?utm_source=instagram&utm_medium=social&utm_campaign=plans-pricing&utm_content=plans-pricing-18,#EveraCyber #HomeCybersecurity #CyberSafety
02,02-plans-pricing-2.jpg,Square 1080×1080 — Facebook / TikTok,"If you've ever paid for ""computer tune‑up"" software and still felt nervous clicking links, you're not alone.

We bundle monitoring, scam help, and support so you're not juggling five apps.

We also have a limited-time Founding Member offer that locks in your pricing for the first 12 months.

See plans and start here: https://www.everacyber.com/checkup-start?utm_source=facebook&utm_medium=social&utm_campaign=plans-pricing&utm_content=plans-pricing-2",https://www.everacyber.com/checkup-start?utm_source=facebook&utm_medium=social&utm_campaign=plans-pricing&utm_content=plans-pricing-2,#EveraCyber #HomeCybersecurity #CyberSafety
02,02-plans-pricing-2-ig.jpg,Portrait 1080×1350 — Instagram,"If you've ever paid for ""computer tune‑up"" software and still felt nervous clicking links, you're not alone.

We bundle monitoring, scam help, and support so you're not juggling five apps.

We also have a limited-time Founding Member offer that locks in your pricing for the first 12 months.

See plans and start here: https://www.everacyber.com/checkup-start?utm_source=instagram&utm_medium=social&utm_campaign=plans-pricing&utm_content=plans-pricing-2",https://www.everacyber.com/checkup-start?utm_source=instagram&utm_medium=social&utm_campaign=plans-pricing&utm_content=plans-pricing-2,#EveraCyber #HomeCybersecurity #CyberSafety
02,02-plans-pricing-3.jpg,Square 1080×1080 — Facebook / TikTok,"Wondering what you actually get for a monthly home security plan?

No hidden tiers or surprise annual bills. Monthly pricing, cancel when you need to.

We also have a limited-time Founding Member offer that locks in your pricing for the first 12 months.

See plans and start here: https://www.everacyber.com/checkup-start?utm_source=facebook&utm_medium=social&utm_campaign=plans-pricing&utm_content=plans-pricing-3",https://www.everacyber.com/checkup-start?utm_source=facebook&utm_medium=social&utm_campaign=plans-pricing&utm_content=plans-pricing-3,#EveraCyber #HomeCybersecurity #CyberSafety
02,02-plans-pricing-3-ig.jpg,Portrait 1080×1350 — Instagram,"Wondering what you actually get for a monthly home security plan?

No hidden tiers or surprise annual bills. Monthly pricing, cancel when you need to.

We also have a limited-time Founding Member offer that locks in your pricing for the first 12 months.

See plans and start here: https://www.everacyber.com/checkup-start?utm_source=instagram&utm_medium=social&utm_campaign=plans-pricing&utm_content=plans-pricing-3",https://www.everacyber.com/checkup-start?utm_source=instagram&utm_medium=social&utm_campaign=plans-pricing&utm_content=plans-pricing-3,#EveraCyber #HomeCybersecurity #CyberSafety
02,02-plans-pricing-40.jpg,Square 1080×1080 — Facebook / TikTok,"If you're still reading the fine print on three different security apps, pause.

Plans start at Personal $24/mo (regular $29), Home+ $49/mo ($59), and Family $74/mo ($89). Add-ons include extra computer $15/mo, Internet Protection $14/mo, Remote Tech Support $49/mo, and Identity Protection $19/mo. We also have a limited-time Founding Member offer that locks in your pricing for the first 12 months.

See plans and start here: https://www.everacyber.com/checkup-start?utm_source=facebook&utm_medium=social&utm_campaign=plans-pricing&utm_content=plans-pricing-40",https://www.everacyber.com/checkup-start?utm_source=facebook&utm_medium=social&utm_campaign=plans-pricing&utm_content=plans-pricing-40,#EveraCyber #HomeCybersecurity #CyberSafety
02,02-plans-pricing-40-ig.jpg,Portrait 1080×1350 — Instagram,"If you're still reading the fine print on three different security apps, pause.

Plans start at Personal $24/mo (regular $29), Home+ $49/mo ($59), and Family $74/mo ($89). Add-ons include extra computer $15/mo, Internet Protection $14/mo, Remote Tech Support $49/mo, and Identity Protection $19/mo. We also have a limited-time Founding Member offer that locks in your pricing for the first 12 months.

See plans and start here: https://www.everacyber.com/checkup-start?utm_source=instagram&utm_medium=social&utm_campaign=plans-pricing&utm_content=plans-pricing-40",https://www.everacyber.com/checkup-start?utm_source=instagram&utm_medium=social&utm_campaign=plans-pricing&utm_content=plans-pricing-40,#EveraCyber #HomeCybersecurity #CyberSafety
02,02-plans-pricing-6.jpg,Square 1080×1080 — Facebook / TikTok,"One laptop for work, one for the kids, phones on every plan… that's a Personal plan day.

Personal is $24/mo right now (regular $29) and covers the basics for a smaller household.

We also have a limited-time Founding Member offer that locks in your pricing for the first 12 months.

See plans and start here: https://www.everacyber.com/checkup-start?utm_source=facebook&utm_medium=social&utm_campaign=plans-pricing&utm_content=plans-pricing-6",https://www.everacyber.com/checkup-start?utm_source=facebook&utm_medium=social&utm_campaign=plans-pricing&utm_content=plans-pricing-6,#EveraCyber #HomeCybersecurity #CyberSafety
02,02-plans-pricing-6-ig.jpg,Portrait 1080×1350 — Instagram,"One laptop for work, one for the kids, phones on every plan… that's a Personal plan day.

Personal is $24/mo right now (regular $29) and covers the basics for a smaller household.

We also have a limited-time Founding Member offer that locks in your pricing for the first 12 months.

See plans and start here: https://www.everacyber.com/checkup-start?utm_source=instagram&utm_medium=social&utm_campaign=plans-pricing&utm_content=plans-pricing-6",https://www.everacyber.com/checkup-start?utm_source=instagram&utm_medium=social&utm_campaign=plans-pricing&utm_content=plans-pricing-6,#EveraCyber #HomeCybersecurity #CyberSafety
02,02-plans-pricing-7-new.jpg,Square 1080×1080 — Facebook / TikTok,"Home+ is the sweet spot when you have a few computers and everyone's streaming on different apps.

$49/mo (regular $59). We watch for malware, risky sites, and the weird pop‑ups that show up after kids install ""free"" games.

We also have a limited-time Founding Member offer that locks in your pricing for the first 12 months.

See plans and start here: https://www.everacyber.com/checkup-start?utm_source=facebook&utm_medium=social&utm_campaign=plans-pricing&utm_content=plans-pricing-7-new",https://www.everacyber.com/checkup-start?utm_source=facebook&utm_medium=social&utm_campaign=plans-pricing&utm_content=plans-pricing-7-new,#EveraCyber #HomeCybersecurity #CyberSafety
02,02-plans-pricing-7-new-ig.jpg,Portrait 1080×1350 — Instagram,"Home+ is the sweet spot when you have a few computers and everyone's streaming on different apps.

$49/mo (regular $59). We watch for malware, risky sites, and the weird pop‑ups that show up after kids install ""free"" games.

We also have a limited-time Founding Member offer that locks in your pricing for the first 12 months.

See plans and start here: https://www.everacyber.com/checkup-start?utm_source=instagram&utm_medium=social&utm_campaign=plans-pricing&utm_content=plans-pricing-7-new",https://www.everacyber.com/checkup-start?utm_source=instagram&utm_medium=social&utm_campaign=plans-pricing&utm_content=plans-pricing-7-new,#EveraCyber #HomeCybersecurity #CyberSafety
02,02-plans-pricing-7.jpg,Square 1080×1080 — Facebook / TikTok,"Two adults, a teen, and a smart TV that still uses the factory password?

That's where Home+ fits. $49/mo (regular $59) for more devices and tighter coverage.

We also have a limited-time Founding Member offer that locks in your pricing for the first 12 months.

See plans and start here: https://www.everacyber.com/checkup-start?utm_source=facebook&utm_medium=social&utm_campaign=plans-pricing&utm_content=plans-pricing-7",https://www.everacyber.com/checkup-start?utm_source=facebook&utm_medium=social&utm_campaign=plans-pricing&utm_content=plans-pricing-7,#EveraCyber #HomeCybersecurity #CyberSafety
02,02-plans-pricing-7-ig.jpg,Portrait 1080×1350 — Instagram,"Two adults, a teen, and a smart TV that still uses the factory password?

That's where Home+ fits. $49/mo (regular $59) for more devices and tighter coverage.

We also have a limited-time Founding Member offer that locks in your pricing for the first 12 months.

See plans and start here: https://www.everacyber.com/checkup-start?utm_source=instagram&utm_medium=social&utm_campaign=plans-pricing&utm_content=plans-pricing-7",https://www.everacyber.com/checkup-start?utm_source=instagram&utm_medium=social&utm_campaign=plans-pricing&utm_content=plans-pricing-7,#EveraCyber #HomeCybersecurity #CyberSafety
02,02-plans-pricing-9-new.jpg,Square 1080×1080 — Facebook / TikTok,"Grandma's iPad, your work laptop, and the gaming PC in the back room all count.

Family is $74/mo (regular $89) when you want everyone under one roof covered.

We also have a limited-time Founding Member offer that locks in your pricing for the first 12 months.

See plans and start here: https://www.everacyber.com/checkup-start?utm_source=facebook&utm_medium=social&utm_campaign=plans-pricing&utm_content=plans-pricing-9-new",https://www.everacyber.com/checkup-start?utm_source=facebook&utm_medium=social&utm_campaign=plans-pricing&utm_content=plans-pricing-9-new,#EveraCyber #HomeCybersecurity #CyberSafety
02,02-plans-pricing-9-new-ig.jpg,Portrait 1080×1350 — Instagram,"Grandma's iPad, your work laptop, and the gaming PC in the back room all count.

Family is $74/mo (regular $89) when you want everyone under one roof covered.

We also have a limited-time Founding Member offer that locks in your pricing for the first 12 months.

See plans and start here: https://www.everacyber.com/checkup-start?utm_source=instagram&utm_medium=social&utm_campaign=plans-pricing&utm_content=plans-pricing-9-new",https://www.everacyber.com/checkup-start?utm_source=instagram&utm_medium=social&utm_campaign=plans-pricing&utm_content=plans-pricing-9-new,#EveraCyber #HomeCybersecurity #CyberSafety
03,03-protect-mom-dad-14-2.jpg,Square 1080×1080 — Facebook / TikTok,"Ever get a text from Mom that just says ""Is this real?"" with a screenshot?

You're not alone. Evera gives parents direct access to U.S.-based help so you don't have to troubleshoot after dinner every night.

Start your free cyber checkup here: https://www.everacyber.com/checkup-start?utm_source=facebook&utm_medium=social&utm_campaign=protect-mom-dad&utm_content=protect-mom-dad-14-2",https://www.everacyber.com/checkup-start?utm_source=facebook&utm_medium=social&utm_campaign=protect-mom-dad&utm_content=protect-mom-dad-14-2,#EveraCyber #HomeCybersecurity #KernCounty
03,03-protect-mom-dad-14-2-ig.jpg,Portrait 1080×1350 — Instagram,"Ever get a text from Mom that just says ""Is this real?"" with a screenshot?

You're not alone. Evera gives parents direct access to U.S.-based help so you don't have to troubleshoot after dinner every night.

Start your free cyber checkup here: https://www.everacyber.com/checkup-start?utm_source=instagram&utm_medium=social&utm_campaign=protect-mom-dad&utm_content=protect-mom-dad-14-2",https://www.everacyber.com/checkup-start?utm_source=instagram&utm_medium=social&utm_campaign=protect-mom-dad&utm_content=protect-mom-dad-14-2,#EveraCyber #HomeCybersecurity #KernCounty
03,03-protect-mom-dad-14.jpg,Square 1080×1080 — Facebook / TikTok,"Dad got a pop‑up that said ""call Microsoft now"" and he almost did.

Those screens are designed to panic people. With Evera he can call us first and we'll talk him through it.

Start your free cyber checkup here: https://www.everacyber.com/checkup-start?utm_source=facebook&utm_medium=social&utm_campaign=protect-mom-dad&utm_content=protect-mom-dad-14",https://www.everacyber.com/checkup-start?utm_source=facebook&utm_medium=social&utm_campaign=protect-mom-dad&utm_content=protect-mom-dad-14,#EveraCyber #HomeCybersecurity #KernCounty
03,03-protect-mom-dad-14-ig.jpg,Portrait 1080×1350 — Instagram,"Dad got a pop‑up that said ""call Microsoft now"" and he almost did.

Those screens are designed to panic people. With Evera he can call us first and we'll talk him through it.

Start your free cyber checkup here: https://www.everacyber.com/checkup-start?utm_source=instagram&utm_medium=social&utm_campaign=protect-mom-dad&utm_content=protect-mom-dad-14",https://www.everacyber.com/checkup-start?utm_source=instagram&utm_medium=social&utm_campaign=protect-mom-dad&utm_content=protect-mom-dad-14,#EveraCyber #HomeCybersecurity #KernCounty
03,03-protect-mom-dad-19-new.jpg,Square 1080×1080 — Facebook / TikTok,"If your folks still forward every chain email ""just in case,"" they need a safer outlet.

They can forward suspicious stuff to us or call. We would rather answer a silly question than help after money is gone.

Start your free cyber checkup here: https://www.everacyber.com/checkup-start?utm_source=facebook&utm_medium=social&utm_campaign=protect-mom-dad&utm_content=protect-mom-dad-19-new",https://www.everacyber.com/checkup-start?utm_source=facebook&utm_medium=social&utm_campaign=protect-mom-dad&utm_content=protect-mom-dad-19-new,#EveraCyber #HomeCybersecurity #KernCounty
03,03-protect-mom-dad-19-new-ig.jpg,Portrait 1080×1350 — Instagram,"If your folks still forward every chain email ""just in case,"" they need a safer outlet.

They can forward suspicious stuff to us or call. We would rather answer a silly question than help after money is gone.

Start your free cyber checkup here: https://www.everacyber.com/checkup-start?utm_source=instagram&utm_medium=social&utm_campaign=protect-mom-dad&utm_content=protect-mom-dad-19-new",https://www.everacyber.com/checkup-start?utm_source=instagram&utm_medium=social&utm_campaign=protect-mom-dad&utm_content=protect-mom-dad-19-new,#EveraCyber #HomeCybersecurity #KernCounty
03,03-protect-mom-dad-19.jpg,Square 1080×1080 — Facebook / TikTok,"Parents want to bank online but they're nervous about scams.

We help them spot fake alerts and know when to hang up. Protection runs in the background while they live their lives.

Start your free cyber checkup here: https://www.everacyber.com/checkup-start?utm_source=facebook&utm_medium=social&utm_campaign=protect-mom-dad&utm_content=protect-mom-dad-19",https://www.everacyber.com/checkup-start?utm_source=facebook&utm_medium=social&utm_campaign=protect-mom-dad&utm_content=protect-mom-dad-19,#EveraCyber #HomeCybersecurity #KernCounty
03,03-protect-mom-dad-19-ig.jpg,Portrait 1080×1350 — Instagram,"Parents want to bank online but they're nervous about scams.

We help them spot fake alerts and know when to hang up. Protection runs in the background while they live their lives.

Start your free cyber checkup here: https://www.everacyber.com/checkup-start?utm_source=instagram&utm_medium=social&utm_campaign=protect-mom-dad&utm_content=protect-mom-dad-19",https://www.everacyber.com/checkup-start?utm_source=instagram&utm_medium=social&utm_campaign=protect-mom-dad&utm_content=protect-mom-dad-19,#EveraCyber #HomeCybersecurity #KernCounty
03,03-protect-mom-dad-20-new.jpg,Square 1080×1080 — Facebook / TikTok,"Dad proud he fixed the printer himself… but installed three toolbars in the process?

We've cleaned up worse. A Family plan covers their PC and someone they can talk to without feeling dumb.

Start your free cyber checkup here: https://www.everacyber.com/checkup-start?utm_source=facebook&utm_medium=social&utm_campaign=protect-mom-dad&utm_content=protect-mom-dad-20-new",https://www.everacyber.com/checkup-start?utm_source=facebook&utm_medium=social&utm_campaign=protect-mom-dad&utm_content=protect-mom-dad-20-new,#EveraCyber #HomeCybersecurity #KernCounty
03,03-protect-mom-dad-20-new-ig.jpg,Portrait 1080×1350 — Instagram,"Dad proud he fixed the printer himself… but installed three toolbars in the process?

We've cleaned up worse. A Family plan covers their PC and someone they can talk to without feeling dumb.

Start your free cyber checkup here: https://www.everacyber.com/checkup-start?utm_source=instagram&utm_medium=social&utm_campaign=protect-mom-dad&utm_content=protect-mom-dad-20-new",https://www.everacyber.com/checkup-start?utm_source=instagram&utm_medium=social&utm_campaign=protect-mom-dad&utm_content=protect-mom-dad-20-new,#EveraCyber #HomeCybersecurity #KernCounty
03,03-protect-mom-dad-20.jpg,Square 1080×1080 — Facebook / TikTok,"Remote access scams target seniors because they're polite on the phone.

Teach Mom one rule: if someone wants to control the screen, hang up and call Evera.

Start your free cyber checkup here: https://www.everacyber.com/checkup-start?utm_source=facebook&utm_medium=social&utm_campaign=protect-mom-dad&utm_content=protect-mom-dad-20",https://www.everacyber.com/checkup-start?utm_source=facebook&utm_medium=social&utm_campaign=protect-mom-dad&utm_content=protect-mom-dad-20,#EveraCyber #HomeCybersecurity #KernCounty
03,03-protect-mom-dad-20-ig.jpg,Portrait 1080×1350 — Instagram,"Remote access scams target seniors because they're polite on the phone.

Teach Mom one rule: if someone wants to control the screen, hang up and call Evera.

Start your free cyber checkup here: https://www.everacyber.com/checkup-start?utm_source=instagram&utm_medium=social&utm_campaign=protect-mom-dad&utm_content=protect-mom-dad-20",https://www.everacyber.com/checkup-start?utm_source=instagram&utm_medium=social&utm_campaign=protect-mom-dad&utm_content=protect-mom-dad-20,#EveraCyber #HomeCybersecurity #KernCounty
03,03-protect-mom-dad-21-new-dad.jpg,Square 1080×1080 — Facebook / TikTok,"Dad answered a call about his ""compromised account"" and almost gave them a code.

Hang up is always allowed. With Evera he can verify the story with us before he acts.

Start your free cyber checkup here: https://www.everacyber.com/checkup-start?utm_source=facebook&utm_medium=social&utm_campaign=protect-mom-dad&utm_content=protect-mom-dad-21-new-dad",https://www.everacyber.com/checkup-start?utm_source=facebook&utm_medium=social&utm_campaign=protect-mom-dad&utm_content=protect-mom-dad-21-new-dad,#EveraCyber #HomeCybersecurity #KernCounty
03,03-protect-mom-dad-21-new-dad-ig.jpg,Portrait 1080×1350 — Instagram,"Dad answered a call about his ""compromised account"" and almost gave them a code.

Hang up is always allowed. With Evera he can verify the story with us before he acts.

Start your free cyber checkup here: https://www.everacyber.com/checkup-start?utm_source=instagram&utm_medium=social&utm_campaign=protect-mom-dad&utm_content=protect-mom-dad-21-new-dad",https://www.everacyber.com/checkup-start?utm_source=instagram&utm_medium=social&utm_campaign=protect-mom-dad&utm_content=protect-mom-dad-21-new-dad,#EveraCyber #HomeCybersecurity #KernCounty
03,03-protect-mom-dad-21-new-mom.jpg,Square 1080×1080 — Facebook / TikTok,"Something weird popped up on Mom's computer and she called you first.

What if she had a number where someone actually answers? Evera is built for that moment.

Start your free cyber checkup here: https://www.everacyber.com/checkup-start?utm_source=facebook&utm_medium=social&utm_campaign=protect-mom-dad&utm_content=protect-mom-dad-21-new-mom",https://www.everacyber.com/checkup-start?utm_source=facebook&utm_medium=social&utm_campaign=protect-mom-dad&utm_content=protect-mom-dad-21-new-mom,#EveraCyber #HomeCybersecurity #KernCounty
03,03-protect-mom-dad-21-new-mom-ig.jpg,Portrait 1080×1350 — Instagram,"Something weird popped up on Mom's computer and she called you first.

What if she had a number where someone actually answers? Evera is built for that moment.

Start your free cyber checkup here: https://www.everacyber.com/checkup-start?utm_source=instagram&utm_medium=social&utm_campaign=protect-mom-dad&utm_content=protect-mom-dad-21-new-mom",https://www.everacyber.com/checkup-start?utm_source=instagram&utm_medium=social&utm_campaign=protect-mom-dad&utm_content=protect-mom-dad-21-new-mom,#EveraCyber #HomeCybersecurity #KernCounty
03,03-protect-mom-dad-26.jpg,Square 1080×1080 — Facebook / TikTok,"You live in Kern County but your parents are across town or across the state.

Distance makes tech support harder. Evera gives them the same help you'd want nearby.

Start your free cyber checkup here: https://www.everacyber.com/checkup-start?utm_source=facebook&utm_medium=social&utm_campaign=protect-mom-dad&utm_content=protect-mom-dad-26",https://www.everacyber.com/checkup-start?utm_source=facebook&utm_medium=social&utm_campaign=protect-mom-dad&utm_content=protect-mom-dad-26,#EveraCyber #HomeCybersecurity #KernCounty
03,03-protect-mom-dad-26-ig.jpg,Portrait 1080×1350 — Instagram,"You live in Kern County but your parents are across town or across the state.

Distance makes tech support harder. Evera gives them the same help you'd want nearby.

Start your free cyber checkup here: https://www.everacyber.com/checkup-start?utm_source=instagram&utm_medium=social&utm_campaign=protect-mom-dad&utm_content=protect-mom-dad-26",https://www.everacyber.com/checkup-start?utm_source=instagram&utm_medium=social&utm_campaign=protect-mom-dad&utm_content=protect-mom-dad-26,#EveraCyber #HomeCybersecurity #KernCounty
03,03-protect-mom-dad-36.jpg,Square 1080×1080 — Facebook / TikTok,"Gift card scams sound obvious until it's your parent on the phone with a ""bank investigator.""

We train families on the scripts scammers use and block a lot of the junk before it lands.

Start your free cyber checkup here: https://www.everacyber.com/checkup-start?utm_source=facebook&utm_medium=social&utm_campaign=protect-mom-dad&utm_content=protect-mom-dad-36",https://www.everacyber.com/checkup-start?utm_source=facebook&utm_medium=social&utm_campaign=protect-mom-dad&utm_content=protect-mom-dad-36,#EveraCyber #HomeCybersecurity #KernCounty
03,03-protect-mom-dad-36-ig.jpg,Portrait 1080×1350 — Instagram,"Gift card scams sound obvious until it's your parent on the phone with a ""bank investigator.""

We train families on the scripts scammers use and block a lot of the junk before it lands.

Start your free cyber checkup here: https://www.everacyber.com/checkup-start?utm_source=instagram&utm_medium=social&utm_campaign=protect-mom-dad&utm_content=protect-mom-dad-36",https://www.everacyber.com/checkup-start?utm_source=instagram&utm_medium=social&utm_campaign=protect-mom-dad&utm_content=protect-mom-dad-36,#EveraCyber #HomeCybersecurity #KernCounty
03,03-protect-mom-dad-37.jpg,Square 1080×1080 — Facebook / TikTok,"Mom loves Facebook marketplace deals. So do thieves.

We help her spot fake buyers and shady links without taking her off the site entirely.

Start your free cyber checkup here: https://www.everacyber.com/checkup-start?utm_source=facebook&utm_medium=social&utm_campaign=protect-mom-dad&utm_content=protect-mom-dad-37",https://www.everacyber.com/checkup-start?utm_source=facebook&utm_medium=social&utm_campaign=protect-mom-dad&utm_content=protect-mom-dad-37,#EveraCyber #HomeCybersecurity #KernCounty
03,03-protect-mom-dad-37-ig.jpg,Portrait 1080×1350 — Instagram,"Mom loves Facebook marketplace deals. So do thieves.

We help her spot fake buyers and shady links without taking her off the site entirely.

Start your free cyber checkup here: https://www.everacyber.com/checkup-start?utm_source=instagram&utm_medium=social&utm_campaign=protect-mom-dad&utm_content=protect-mom-dad-37",https://www.everacyber.com/checkup-start?utm_source=instagram&utm_medium=social&utm_campaign=protect-mom-dad&utm_content=protect-mom-dad-37,#EveraCyber #HomeCybersecurity #KernCounty
03,03-protect-mom-dad-38.jpg,Square 1080×1080 — Facebook / TikTok,"Ever notice how patient you have to be when explaining two‑factor codes to Dad?

Our support team does that every day, calmly, without making anyone feel small.

Start your free cyber checkup here: https://www.everacyber.com/checkup-start?utm_source=facebook&utm_medium=social&utm_campaign=protect-mom-dad&utm_content=protect-mom-dad-38",https://www.everacyber.com/checkup-start?utm_source=facebook&utm_medium=social&utm_campaign=protect-mom-dad&utm_content=protect-mom-dad-38,#EveraCyber #HomeCybersecurity #KernCounty
03,03-protect-mom-dad-38-ig.jpg,Portrait 1080×1350 — Instagram,"Ever notice how patient you have to be when explaining two‑factor codes to Dad?

Our support team does that every day, calmly, without making anyone feel small.

Start your free cyber checkup here: https://www.everacyber.com/checkup-start?utm_source=instagram&utm_medium=social&utm_campaign=protect-mom-dad&utm_content=protect-mom-dad-38",https://www.everacyber.com/checkup-start?utm_source=instagram&utm_medium=social&utm_campaign=protect-mom-dad&utm_content=protect-mom-dad-38,#EveraCyber #HomeCybersecurity #KernCounty
03,03-protect-mom-dad-39.jpg,Square 1080×1080 — Facebook / TikTok,"You can't put a firewall between your parents and every scammer who calls.

You can put Evera on their devices so there's backup when you're not in the room.

Start your free cyber checkup here: https://www.everacyber.com/checkup-start?utm_source=facebook&utm_medium=social&utm_campaign=protect-mom-dad&utm_content=protect-mom-dad-39",https://www.everacyber.com/checkup-start?utm_source=facebook&utm_medium=social&utm_campaign=protect-mom-dad&utm_content=protect-mom-dad-39,#EveraCyber #HomeCybersecurity #KernCounty
03,03-protect-mom-dad-39-ig.jpg,Portrait 1080×1350 — Instagram,"You can't put a firewall between your parents and every scammer who calls.

You can put Evera on their devices so there's backup when you're not in the room.

Start your free cyber checkup here: https://www.everacyber.com/checkup-start?utm_source=instagram&utm_medium=social&utm_campaign=protect-mom-dad&utm_content=protect-mom-dad-39",https://www.everacyber.com/checkup-start?utm_source=instagram&utm_medium=social&utm_campaign=protect-mom-dad&utm_content=protect-mom-dad-39,#EveraCyber #HomeCybersecurity #KernCounty
03,03-protect-mom-dad-8-new.jpg,Square 1080×1080 — Facebook / TikTok,"Mom still writes passwords on a sticky note by the monitor?

Instead of playing unpaid IT, give her a team that answers the phone. Evera blocks common threats and lets her ask a real person before she clicks.

Start your free cyber checkup here: https://www.everacyber.com/checkup-start?utm_source=facebook&utm_medium=social&utm_campaign=protect-mom-dad&utm_content=protect-mom-dad-8-new",https://www.everacyber.com/checkup-start?utm_source=facebook&utm_medium=social&utm_campaign=protect-mom-dad&utm_content=protect-mom-dad-8-new,#EveraCyber #HomeCybersecurity #KernCounty
03,03-protect-mom-dad-8-new-ig.jpg,Portrait 1080×1350 — Instagram,"Mom still writes passwords on a sticky note by the monitor?

Instead of playing unpaid IT, give her a team that answers the phone. Evera blocks common threats and lets her ask a real person before she clicks.

Start your free cyber checkup here: https://www.everacyber.com/checkup-start?utm_source=instagram&utm_medium=social&utm_campaign=protect-mom-dad&utm_content=protect-mom-dad-8-new",https://www.everacyber.com/checkup-start?utm_source=instagram&utm_medium=social&utm_campaign=protect-mom-dad&utm_content=protect-mom-dad-8-new,#EveraCyber #HomeCybersecurity #KernCounty
04,04-scam-help-23-1.jpg,Square 1080×1080 — Facebook / TikTok,"That text about a ""suspicious charge"" showed up while you were in line at the store.

Scammers love fake fraud alerts because they make you tap before you think. Don't click. Call your bank with the number on your card, or ask us if you're stuck.

Not sure if a message is real? Ask us first: https://www.everacyber.com/checkup-start?utm_source=facebook&utm_medium=social&utm_campaign=scam-help&utm_content=scam-help-23-1",https://www.everacyber.com/checkup-start?utm_source=facebook&utm_medium=social&utm_campaign=scam-help&utm_content=scam-help-23-1,#EveraCyber #HomeCybersecurity #CyberSafety
04,04-scam-help-23-1-ig.jpg,Portrait 1080×1350 — Instagram,"That text about a ""suspicious charge"" showed up while you were in line at the store.

Scammers love fake fraud alerts because they make you tap before you think. Don't click. Call your bank with the number on your card, or ask us if you're stuck.

Not sure if a message is real? Ask us first: https://www.everacyber.com/checkup-start?utm_source=instagram&utm_medium=social&utm_campaign=scam-help&utm_content=scam-help-23-1",https://www.everacyber.com/checkup-start?utm_source=instagram&utm_medium=social&utm_campaign=scam-help&utm_content=scam-help-23-1,#EveraCyber #HomeCybersecurity #CyberSafety
04,04-scam-help-23-2.jpg,Square 1080×1080 — Facebook / TikTok,"Same scary message, different phone number every time?

That's the pattern. Real banks don't rush you through links in a panic text. Screenshot it and ask Evera if you want a second opinion.

Not sure if a message is real? Ask us first: https://www.everacyber.com/checkup-start?utm_source=facebook&utm_medium=social&utm_campaign=scam-help&utm_content=scam-help-23-2",https://www.everacyber.com/checkup-start?utm_source=facebook&utm_medium=social&utm_campaign=scam-help&utm_content=scam-help-23-2,#EveraCyber #HomeCybersecurity #CyberSafety
04,04-scam-help-23-2-ig.jpg,Portrait 1080×1350 — Instagram,"Same scary message, different phone number every time?

That's the pattern. Real banks don't rush you through links in a panic text. Screenshot it and ask Evera if you want a second opinion.

Not sure if a message is real? Ask us first: https://www.everacyber.com/checkup-start?utm_source=instagram&utm_medium=social&utm_campaign=scam-help&utm_content=scam-help-23-2",https://www.everacyber.com/checkup-start?utm_source=instagram&utm_medium=social&utm_campaign=scam-help&utm_content=scam-help-23-2,#EveraCyber #HomeCybersecurity #CyberSafety
04,04-scam-help-24.jpg,Square 1080×1080 — Facebook / TikTok,"Someone on the phone said they're from fraud department and need you to ""verify"" your PIN.

Hang up. No legit company asks for that. If you're shaking after the call, we're here to walk through what happened.

Not sure if a message is real? Ask us first: https://www.everacyber.com/checkup-start?utm_source=facebook&utm_medium=social&utm_campaign=scam-help&utm_content=scam-help-24",https://www.everacyber.com/checkup-start?utm_source=facebook&utm_medium=social&utm_campaign=scam-help&utm_content=scam-help-24,#EveraCyber #HomeCybersecurity #CyberSafety
04,04-scam-help-24-ig.jpg,Portrait 1080×1350 — Instagram,"Someone on the phone said they're from fraud department and need you to ""verify"" your PIN.

Hang up. No legit company asks for that. If you're shaking after the call, we're here to walk through what happened.

Not sure if a message is real? Ask us first: https://www.everacyber.com/checkup-start?utm_source=instagram&utm_medium=social&utm_campaign=scam-help&utm_content=scam-help-24",https://www.everacyber.com/checkup-start?utm_source=instagram&utm_medium=social&utm_campaign=scam-help&utm_content=scam-help-24,#EveraCyber #HomeCybersecurity #CyberSafety
04,04-scam-help-25.jpg,Square 1080×1080 — Facebook / TikTok,"Email says your package is held unless you pay a small fee today?

Check the tracking on the store's real site, not the link in the message. When it still feels weird, ask us.

Not sure if a message is real? Ask us first: https://www.everacyber.com/checkup-start?utm_source=facebook&utm_medium=social&utm_campaign=scam-help&utm_content=scam-help-25",https://www.everacyber.com/checkup-start?utm_source=facebook&utm_medium=social&utm_campaign=scam-help&utm_content=scam-help-25,#EveraCyber #HomeCybersecurity #CyberSafety
04,04-scam-help-25-ig.jpg,Portrait 1080×1350 — Instagram,"Email says your package is held unless you pay a small fee today?

Check the tracking on the store's real site, not the link in the message. When it still feels weird, ask us.

Not sure if a message is real? Ask us first: https://www.everacyber.com/checkup-start?utm_source=instagram&utm_medium=social&utm_campaign=scam-help&utm_content=scam-help-25",https://www.everacyber.com/checkup-start?utm_source=instagram&utm_medium=social&utm_campaign=scam-help&utm_content=scam-help-25,#EveraCyber #HomeCybersecurity #CyberSafety
04,04-scam-help-33.jpg,Square 1080×1080 — Facebook / TikTok,"Got a DM from a ""friend"" asking for money on a new account?

Cloned profiles are common. Message your friend another way before you send anything.

Not sure if a message is real? Ask us first: https://www.everacyber.com/checkup-start?utm_source=facebook&utm_medium=social&utm_campaign=scam-help&utm_content=scam-help-33",https://www.everacyber.com/checkup-start?utm_source=facebook&utm_medium=social&utm_campaign=scam-help&utm_content=scam-help-33,#EveraCyber #HomeCybersecurity #CyberSafety
04,04-scam-help-33-ig.jpg,Portrait 1080×1350 — Instagram,"Got a DM from a ""friend"" asking for money on a new account?

Cloned profiles are common. Message your friend another way before you send anything.

Not sure if a message is real? Ask us first: https://www.everacyber.com/checkup-start?utm_source=instagram&utm_medium=social&utm_campaign=scam-help&utm_content=scam-help-33",https://www.everacyber.com/checkup-start?utm_source=instagram&utm_medium=social&utm_campaign=scam-help&utm_content=scam-help-33,#EveraCyber #HomeCybersecurity #CyberSafety
04,04-scam-help-34.jpg,Square 1080×1080 — Facebook / TikTok,"Utility company threatening shutoff unless you pay with crypto?

That's a scam. Real utilities send paper bills and give you time. Call the number on your bill, not the text.

Not sure if a message is real? Ask us first: https://www.everacyber.com/checkup-start?utm_source=facebook&utm_medium=social&utm_campaign=scam-help&utm_content=scam-help-34",https://www.everacyber.com/checkup-start?utm_source=facebook&utm_medium=social&utm_campaign=scam-help&utm_content=scam-help-34,#EveraCyber #HomeCybersecurity #CyberSafety
04,04-scam-help-34-ig.jpg,Portrait 1080×1350 — Instagram,"Utility company threatening shutoff unless you pay with crypto?

That's a scam. Real utilities send paper bills and give you time. Call the number on your bill, not the text.

Not sure if a message is real? Ask us first: https://www.everacyber.com/checkup-start?utm_source=instagram&utm_medium=social&utm_campaign=scam-help&utm_content=scam-help-34",https://www.everacyber.com/checkup-start?utm_source=instagram&utm_medium=social&utm_campaign=scam-help&utm_content=scam-help-34,#EveraCyber #HomeCybersecurity #CyberSafety
04,04-scam-help-35.jpg,Square 1080×1080 — Facebook / TikTok,"Not sure if you're being rushed, scared, or surprised into acting?

Those three feelings are the scam toolkit. Pause and ask Evera before you pay, install, or share a code.

Not sure if a message is real? Ask us first: https://www.everacyber.com/checkup-start?utm_source=facebook&utm_medium=social&utm_campaign=scam-help&utm_content=scam-help-35",https://www.everacyber.com/checkup-start?utm_source=facebook&utm_medium=social&utm_campaign=scam-help&utm_content=scam-help-35,#EveraCyber #HomeCybersecurity #CyberSafety
04,04-scam-help-35-ig.jpg,Portrait 1080×1350 — Instagram,"Not sure if you're being rushed, scared, or surprised into acting?

Those three feelings are the scam toolkit. Pause and ask Evera before you pay, install, or share a code.

Not sure if a message is real? Ask us first: https://www.everacyber.com/checkup-start?utm_source=instagram&utm_medium=social&utm_campaign=scam-help&utm_content=scam-help-35",https://www.everacyber.com/checkup-start?utm_source=instagram&utm_medium=social&utm_campaign=scam-help&utm_content=scam-help-35,#EveraCyber #HomeCybersecurity #CyberSafety
05,05-free-scam-guide-22-amazon.jpg,Square 1080×1080 — Facebook / TikTok,"Your phone says ""Amazon"" is calling. Could still be a stranger with a fake caller ID.

Scammers spoof banks like Amazon all the time. They may know your name or last charge. That doesn't prove it's real.

Hang up and call the number on your card, or ask Evera before you share anything.

Start your free cyber checkup here: https://www.everacyber.com/checkup-start?utm_source=facebook&utm_medium=social&utm_campaign=free-scam-guide&utm_content=free-scam-guide-22-amazon",https://www.everacyber.com/checkup-start?utm_source=facebook&utm_medium=social&utm_campaign=free-scam-guide&utm_content=free-scam-guide-22-amazon,#EveraCyber #HomeCybersecurity #KernCounty
05,05-free-scam-guide-22-amazon-ig.jpg,Portrait 1080×1350 — Instagram,"Your phone says ""Amazon"" is calling. Could still be a stranger with a fake caller ID.

Scammers spoof banks like Amazon all the time. They may know your name or last charge. That doesn't prove it's real.

Hang up and call the number on your card, or ask Evera before you share anything.

Start your free cyber checkup here: https://www.everacyber.com/checkup-start?utm_source=instagram&utm_medium=social&utm_campaign=free-scam-guide&utm_content=free-scam-guide-22-amazon",https://www.everacyber.com/checkup-start?utm_source=instagram&utm_medium=social&utm_campaign=free-scam-guide&utm_content=free-scam-guide-22-amazon,#EveraCyber #HomeCybersecurity #KernCounty
05,05-free-scam-guide-22-apple.jpg,Square 1080×1080 — Facebook / TikTok,"Your phone says ""Apple"" is calling. Could still be a stranger with a fake caller ID.

Scammers spoof banks like Apple all the time. They may know your name or last charge. That doesn't prove it's real.

Hang up and call the number on your card, or ask Evera before you share anything.

Start your free cyber checkup here: https://www.everacyber.com/checkup-start?utm_source=facebook&utm_medium=social&utm_campaign=free-scam-guide&utm_content=free-scam-guide-22-apple",https://www.everacyber.com/checkup-start?utm_source=facebook&utm_medium=social&utm_campaign=free-scam-guide&utm_content=free-scam-guide-22-apple,#EveraCyber #HomeCybersecurity #KernCounty
05,05-free-scam-guide-22-apple-ig.jpg,Portrait 1080×1350 — Instagram,"Your phone says ""Apple"" is calling. Could still be a stranger with a fake caller ID.

Scammers spoof banks like Apple all the time. They may know your name or last charge. That doesn't prove it's real.

Hang up and call the number on your card, or ask Evera before you share anything.

Start your free cyber checkup here: https://www.everacyber.com/checkup-start?utm_source=instagram&utm_medium=social&utm_campaign=free-scam-guide&utm_content=free-scam-guide-22-apple",https://www.everacyber.com/checkup-start?utm_source=instagram&utm_medium=social&utm_campaign=free-scam-guide&utm_content=free-scam-guide-22-apple,#EveraCyber #HomeCybersecurity #KernCounty
05,05-free-scam-guide-22-bankofthesierra.jpg,Square 1080×1080 — Facebook / TikTok,"Your phone says ""Bank of the Sierra"" is calling. Could still be a stranger with a fake caller ID.

Scammers spoof banks like Bank of the Sierra all the time. They may know your name or last charge. That doesn't prove it's real.

Hang up and call the number on your card, or ask Evera before you share anything.

Start your free cyber checkup here: https://www.everacyber.com/checkup-start?utm_source=facebook&utm_medium=social&utm_campaign=free-scam-guide&utm_content=free-scam-guide-22-bankofthesierra",https://www.everacyber.com/checkup-start?utm_source=facebook&utm_medium=social&utm_campaign=free-scam-guide&utm_content=free-scam-guide-22-bankofthesierra,#EveraCyber #HomeCybersecurity #KernCounty
05,05-free-scam-guide-22-bankofthesierra-ig.jpg,Portrait 1080×1350 — Instagram,"Your phone says ""Bank of the Sierra"" is calling. Could still be a stranger with a fake caller ID.

Scammers spoof banks like Bank of the Sierra all the time. They may know your name or last charge. That doesn't prove it's real.

Hang up and call the number on your card, or ask Evera before you share anything.

Start your free cyber checkup here: https://www.everacyber.com/checkup-start?utm_source=instagram&utm_medium=social&utm_campaign=free-scam-guide&utm_content=free-scam-guide-22-bankofthesierra",https://www.everacyber.com/checkup-start?utm_source=instagram&utm_medium=social&utm_campaign=free-scam-guide&utm_content=free-scam-guide-22-bankofthesierra,#EveraCyber #HomeCybersecurity #KernCounty
05,05-free-scam-guide-22-bofa.jpg,Square 1080×1080 — Facebook / TikTok,"Your phone says ""Bank of America"" is calling. Could still be a stranger with a fake caller ID.

Scammers spoof banks like Bank of America all the time. They may know your name or last charge. That doesn't prove it's real.

Hang up and call the number on your card, or ask Evera before you share anything.

Start your free cyber checkup here: https://www.everacyber.com/checkup-start?utm_source=facebook&utm_medium=social&utm_campaign=free-scam-guide&utm_content=free-scam-guide-22-bofa",https://www.everacyber.com/checkup-start?utm_source=facebook&utm_medium=social&utm_campaign=free-scam-guide&utm_content=free-scam-guide-22-bofa,#EveraCyber #HomeCybersecurity #KernCounty
05,05-free-scam-guide-22-bofa-ig.jpg,Portrait 1080×1350 — Instagram,"Your phone says ""Bank of America"" is calling. Could still be a stranger with a fake caller ID.

Scammers spoof banks like Bank of America all the time. They may know your name or last charge. That doesn't prove it's real.

Hang up and call the number on your card, or ask Evera before you share anything.

Start your free cyber checkup here: https://www.everacyber.com/checkup-start?utm_source=instagram&utm_medium=social&utm_campaign=free-scam-guide&utm_content=free-scam-guide-22-bofa",https://www.everacyber.com/checkup-start?utm_source=instagram&utm_medium=social&utm_campaign=free-scam-guide&utm_content=free-scam-guide-22-bofa,#EveraCyber #HomeCybersecurity #KernCounty
05,05-free-scam-guide-22-capitalone.jpg,Square 1080×1080 — Facebook / TikTok,"Your phone says ""Capital One"" is calling. Could still be a stranger with a fake caller ID.

Scammers spoof banks like Capital One all the time. They may know your name or last charge. That doesn't prove it's real.

Hang up and call the number on your card, or ask Evera before you share anything.

Start your free cyber checkup here: https://www.everacyber.com/checkup-start?utm_source=facebook&utm_medium=social&utm_campaign=free-scam-guide&utm_content=free-scam-guide-22-capitalone",https://www.everacyber.com/checkup-start?utm_source=facebook&utm_medium=social&utm_campaign=free-scam-guide&utm_content=free-scam-guide-22-capitalone,#EveraCyber #HomeCybersecurity #KernCounty
05,05-free-scam-guide-22-capitalone-ig.jpg,Portrait 1080×1350 — Instagram,"Your phone says ""Capital One"" is calling. Could still be a stranger with a fake caller ID.

Scammers spoof banks like Capital One all the time. They may know your name or last charge. That doesn't prove it's real.

Hang up and call the number on your card, or ask Evera before you share anything.

Start your free cyber checkup here: https://www.everacyber.com/checkup-start?utm_source=instagram&utm_medium=social&utm_campaign=free-scam-guide&utm_content=free-scam-guide-22-capitalone",https://www.everacyber.com/checkup-start?utm_source=instagram&utm_medium=social&utm_campaign=free-scam-guide&utm_content=free-scam-guide-22-capitalone,#EveraCyber #HomeCybersecurity #KernCounty
05,05-free-scam-guide-22-chase.jpg,Square 1080×1080 — Facebook / TikTok,"Your phone says ""Chase"" is calling. Could still be a stranger with a fake caller ID.

Scammers spoof banks like Chase all the time. They may know your name or last charge. That doesn't prove it's real.

Hang up and call the number on your card, or ask Evera before you share anything.

Start your free cyber checkup here: https://www.everacyber.com/checkup-start?utm_source=facebook&utm_medium=social&utm_campaign=free-scam-guide&utm_content=free-scam-guide-22-chase",https://www.everacyber.com/checkup-start?utm_source=facebook&utm_medium=social&utm_campaign=free-scam-guide&utm_content=free-scam-guide-22-chase,#EveraCyber #HomeCybersecurity #KernCounty
05,05-free-scam-guide-22-chase-ig.jpg,Portrait 1080×1350 — Instagram,"Your phone says ""Chase"" is calling. Could still be a stranger with a fake caller ID.

Scammers spoof banks like Chase all the time. They may know your name or last charge. That doesn't prove it's real.

Hang up and call the number on your card, or ask Evera before you share anything.

Start your free cyber checkup here: https://www.everacyber.com/checkup-start?utm_source=instagram&utm_medium=social&utm_campaign=free-scam-guide&utm_content=free-scam-guide-22-chase",https://www.everacyber.com/checkup-start?utm_source=instagram&utm_medium=social&utm_campaign=free-scam-guide&utm_content=free-scam-guide-22-chase,#EveraCyber #HomeCybersecurity #KernCounty
05,05-free-scam-guide-22-firsthorizon.jpg,Square 1080×1080 — Facebook / TikTok,"Your phone says ""First Horizon"" is calling. Could still be a stranger with a fake caller ID.

Scammers spoof banks like First Horizon all the time. They may know your name or last charge. That doesn't prove it's real.

Hang up and call the number on your card, or ask Evera before you share anything.

Start your free cyber checkup here: https://www.everacyber.com/checkup-start?utm_source=facebook&utm_medium=social&utm_campaign=free-scam-guide&utm_content=free-scam-guide-22-firsthorizon",https://www.everacyber.com/checkup-start?utm_source=facebook&utm_medium=social&utm_campaign=free-scam-guide&utm_content=free-scam-guide-22-firsthorizon,#EveraCyber #HomeCybersecurity #KernCounty
05,05-free-scam-guide-22-firsthorizon-ig.jpg,Portrait 1080×1350 — Instagram,"Your phone says ""First Horizon"" is calling. Could still be a stranger with a fake caller ID.

Scammers spoof banks like First Horizon all the time. They may know your name or last charge. That doesn't prove it's real.

Hang up and call the number on your card, or ask Evera before you share anything.

Start your free cyber checkup here: https://www.everacyber.com/checkup-start?utm_source=instagram&utm_medium=social&utm_campaign=free-scam-guide&utm_content=free-scam-guide-22-firsthorizon",https://www.everacyber.com/checkup-start?utm_source=instagram&utm_medium=social&utm_campaign=free-scam-guide&utm_content=free-scam-guide-22-firsthorizon,#EveraCyber #HomeCybersecurity #KernCounty
05,05-free-scam-guide-22-firstsouthfinancial.jpg,Square 1080×1080 — Facebook / TikTok,"Your phone says ""First South Financial"" is calling. Could still be a stranger with a fake caller ID.

Scammers spoof banks like First South Financial all the time. They may know your name or last charge. That doesn't prove it's real.

Hang up and call the number on your card, or ask Evera before you share anything.

Start your free cyber checkup here: https://www.everacyber.com/checkup-start?utm_source=facebook&utm_medium=social&utm_campaign=free-scam-guide&utm_content=free-scam-guide-22-firstsouthfinancial",https://www.everacyber.com/checkup-start?utm_source=facebook&utm_medium=social&utm_campaign=free-scam-guide&utm_content=free-scam-guide-22-firstsouthfinancial,#EveraCyber #HomeCybersecurity #KernCounty
05,05-free-scam-guide-22-firstsouthfinancial-ig.jpg,Portrait 1080×1350 — Instagram,"Your phone says ""First South Financial"" is calling. Could still be a stranger with a fake caller ID.

Scammers spoof banks like First South Financial all the time. They may know your name or last charge. That doesn't prove it's real.

Hang up and call the number on your card, or ask Evera before you share anything.

Start your free cyber checkup here: https://www.everacyber.com/checkup-start?utm_source=instagram&utm_medium=social&utm_campaign=free-scam-guide&utm_content=free-scam-guide-22-firstsouthfinancial",https://www.everacyber.com/checkup-start?utm_source=instagram&utm_medium=social&utm_campaign=free-scam-guide&utm_content=free-scam-guide-22-firstsouthfinancial,#EveraCyber #HomeCybersecurity #KernCounty
05,05-free-scam-guide-22-irs.jpg,Square 1080×1080 — Facebook / TikTok,"Your phone says ""the IRS"" is calling. Could still be a stranger with a fake caller ID.

Scammers spoof banks like the IRS all the time. They may know your name or last charge. That doesn't prove it's real.

Hang up and call the number on your card, or ask Evera before you share anything.

Start your free cyber checkup here: https://www.everacyber.com/checkup-start?utm_source=facebook&utm_medium=social&utm_campaign=free-scam-guide&utm_content=free-scam-guide-22-irs",https://www.everacyber.com/checkup-start?utm_source=facebook&utm_medium=social&utm_campaign=free-scam-guide&utm_content=free-scam-guide-22-irs,#EveraCyber #HomeCybersecurity #KernCounty
05,05-free-scam-guide-22-irs-ig.jpg,Portrait 1080×1350 — Instagram,"Your phone says ""the IRS"" is calling. Could still be a stranger with a fake caller ID.

Scammers spoof banks like the IRS all the time. They may know your name or last charge. That doesn't prove it's real.

Hang up and call the number on your card, or ask Evera before you share anything.

Start your free cyber checkup here: https://www.everacyber.com/checkup-start?utm_source=instagram&utm_medium=social&utm_campaign=free-scam-guide&utm_content=free-scam-guide-22-irs",https://www.everacyber.com/checkup-start?utm_source=instagram&utm_medium=social&utm_campaign=free-scam-guide&utm_content=free-scam-guide-22-irs,#EveraCyber #HomeCybersecurity #KernCounty
05,05-free-scam-guide-22-ms.jpg,Square 1080×1080 — Facebook / TikTok,"Your phone says ""Microsoft"" is calling. Could still be a stranger with a fake caller ID.

Scammers spoof banks like Microsoft all the time. They may know your name or last charge. That doesn't prove it's real.

Hang up and call the number on your card, or ask Evera before you share anything.

Start your free cyber checkup here: https://www.everacyber.com/checkup-start?utm_source=facebook&utm_medium=social&utm_campaign=free-scam-guide&utm_content=free-scam-guide-22-ms",https://www.everacyber.com/checkup-start?utm_source=facebook&utm_medium=social&utm_campaign=free-scam-guide&utm_content=free-scam-guide-22-ms,#EveraCyber #HomeCybersecurity #KernCounty
05,05-free-scam-guide-22-ms-ig.jpg,Portrait 1080×1350 — Instagram,"Your phone says ""Microsoft"" is calling. Could still be a stranger with a fake caller ID.

Scammers spoof banks like Microsoft all the time. They may know your name or last charge. That doesn't prove it's real.

Hang up and call the number on your card, or ask Evera before you share anything.

Start your free cyber checkup here: https://www.everacyber.com/checkup-start?utm_source=instagram&utm_medium=social&utm_campaign=free-scam-guide&utm_content=free-scam-guide-22-ms",https://www.everacyber.com/checkup-start?utm_source=instagram&utm_medium=social&utm_campaign=free-scam-guide&utm_content=free-scam-guide-22-ms,#EveraCyber #HomeCybersecurity #KernCounty
05,05-free-scam-guide-22-ofcu.jpg,Square 1080×1080 — Facebook / TikTok,"Your phone says ""your credit union"" is calling. Could still be a stranger with a fake caller ID.

Scammers spoof banks like your credit union all the time. They may know your name or last charge. That doesn't prove it's real.

Hang up and call the number on your card, or ask Evera before you share anything.

Start your free cyber checkup here: https://www.everacyber.com/checkup-start?utm_source=facebook&utm_medium=social&utm_campaign=free-scam-guide&utm_content=free-scam-guide-22-ofcu",https://www.everacyber.com/checkup-start?utm_source=facebook&utm_medium=social&utm_campaign=free-scam-guide&utm_content=free-scam-guide-22-ofcu,#EveraCyber #HomeCybersecurity #KernCounty
05,05-free-scam-guide-22-ofcu-ig.jpg,Portrait 1080×1350 — Instagram,"Your phone says ""your credit union"" is calling. Could still be a stranger with a fake caller ID.

Scammers spoof banks like your credit union all the time. They may know your name or last charge. That doesn't prove it's real.

Hang up and call the number on your card, or ask Evera before you share anything.

Start your free cyber checkup here: https://www.everacyber.com/checkup-start?utm_source=instagram&utm_medium=social&utm_campaign=free-scam-guide&utm_content=free-scam-guide-22-ofcu",https://www.everacyber.com/checkup-start?utm_source=instagram&utm_medium=social&utm_campaign=free-scam-guide&utm_content=free-scam-guide-22-ofcu,#EveraCyber #HomeCybersecurity #KernCounty
05,05-free-scam-guide-22-pp.jpg,Square 1080×1080 — Facebook / TikTok,"Your phone says ""PayPal"" is calling. Could still be a stranger with a fake caller ID.

Scammers spoof banks like PayPal all the time. They may know your name or last charge. That doesn't prove it's real.

Hang up and call the number on your card, or ask Evera before you share anything.

Start your free cyber checkup here: https://www.everacyber.com/checkup-start?utm_source=facebook&utm_medium=social&utm_campaign=free-scam-guide&utm_content=free-scam-guide-22-pp",https://www.everacyber.com/checkup-start?utm_source=facebook&utm_medium=social&utm_campaign=free-scam-guide&utm_content=free-scam-guide-22-pp,#EveraCyber #HomeCybersecurity #KernCounty
05,05-free-scam-guide-22-pp-ig.jpg,Portrait 1080×1350 — Instagram,"Your phone says ""PayPal"" is calling. Could still be a stranger with a fake caller ID.

Scammers spoof banks like PayPal all the time. They may know your name or last charge. That doesn't prove it's real.

Hang up and call the number on your card, or ask Evera before you share anything.

Start your free cyber checkup here: https://www.everacyber.com/checkup-start?utm_source=instagram&utm_medium=social&utm_campaign=free-scam-guide&utm_content=free-scam-guide-22-pp",https://www.everacyber.com/checkup-start?utm_source=instagram&utm_medium=social&utm_campaign=free-scam-guide&utm_content=free-scam-guide-22-pp,#EveraCyber #HomeCybersecurity #KernCounty
05,05-free-scam-guide-22-regions.jpg,Square 1080×1080 — Facebook / TikTok,"Your phone says ""Regions Bank"" is calling. Could still be a stranger with a fake caller ID.

Scammers spoof banks like Regions Bank all the time. They may know your name or last charge. That doesn't prove it's real.

Hang up and call the number on your card, or ask Evera before you share anything.

Start your free cyber checkup here: https://www.everacyber.com/checkup-start?utm_source=facebook&utm_medium=social&utm_campaign=free-scam-guide&utm_content=free-scam-guide-22-regions",https://www.everacyber.com/checkup-start?utm_source=facebook&utm_medium=social&utm_campaign=free-scam-guide&utm_content=free-scam-guide-22-regions,#EveraCyber #HomeCybersecurity #KernCounty
05,05-free-scam-guide-22-regions-ig.jpg,Portrait 1080×1350 — Instagram,"Your phone says ""Regions Bank"" is calling. Could still be a stranger with a fake caller ID.

Scammers spoof banks like Regions Bank all the time. They may know your name or last charge. That doesn't prove it's real.

Hang up and call the number on your card, or ask Evera before you share anything.

Start your free cyber checkup here: https://www.everacyber.com/checkup-start?utm_source=instagram&utm_medium=social&utm_campaign=free-scam-guide&utm_content=free-scam-guide-22-regions",https://www.everacyber.com/checkup-start?utm_source=instagram&utm_medium=social&utm_campaign=free-scam-guide&utm_content=free-scam-guide-22-regions,#EveraCyber #HomeCybersecurity #KernCounty
05,05-free-scam-guide-22-ssa.jpg,Square 1080×1080 — Facebook / TikTok,"Your phone says ""Social Security"" is calling. Could still be a stranger with a fake caller ID.

Scammers spoof banks like Social Security all the time. They may know your name or last charge. That doesn't prove it's real.

Hang up and call the number on your card, or ask Evera before you share anything.

Start your free cyber checkup here: https://www.everacyber.com/checkup-start?utm_source=facebook&utm_medium=social&utm_campaign=free-scam-guide&utm_content=free-scam-guide-22-ssa",https://www.everacyber.com/checkup-start?utm_source=facebook&utm_medium=social&utm_campaign=free-scam-guide&utm_content=free-scam-guide-22-ssa,#EveraCyber #HomeCybersecurity #KernCounty
05,05-free-scam-guide-22-ssa-ig.jpg,Portrait 1080×1350 — Instagram,"Your phone says ""Social Security"" is calling. Could still be a stranger with a fake caller ID.

Scammers spoof banks like Social Security all the time. They may know your name or last charge. That doesn't prove it's real.

Hang up and call the number on your card, or ask Evera before you share anything.

Start your free cyber checkup here: https://www.everacyber.com/checkup-start?utm_source=instagram&utm_medium=social&utm_campaign=free-scam-guide&utm_content=free-scam-guide-22-ssa",https://www.everacyber.com/checkup-start?utm_source=instagram&utm_medium=social&utm_campaign=free-scam-guide&utm_content=free-scam-guide-22-ssa,#EveraCyber #HomeCybersecurity #KernCounty
05,05-free-scam-guide-22-truist.jpg,Square 1080×1080 — Facebook / TikTok,"Your phone says ""Truist"" is calling. Could still be a stranger with a fake caller ID.

Scammers spoof banks like Truist all the time. They may know your name or last charge. That doesn't prove it's real.

Hang up and call the number on your card, or ask Evera before you share anything.

Start your free cyber checkup here: https://www.everacyber.com/checkup-start?utm_source=facebook&utm_medium=social&utm_campaign=free-scam-guide&utm_content=free-scam-guide-22-truist",https://www.everacyber.com/checkup-start?utm_source=facebook&utm_medium=social&utm_campaign=free-scam-guide&utm_content=free-scam-guide-22-truist,#EveraCyber #HomeCybersecurity #KernCounty
05,05-free-scam-guide-22-truist-ig.jpg,Portrait 1080×1350 — Instagram,"Your phone says ""Truist"" is calling. Could still be a stranger with a fake caller ID.

Scammers spoof banks like Truist all the time. They may know your name or last charge. That doesn't prove it's real.

Hang up and call the number on your card, or ask Evera before you share anything.

Start your free cyber checkup here: https://www.everacyber.com/checkup-start?utm_source=instagram&utm_medium=social&utm_campaign=free-scam-guide&utm_content=free-scam-guide-22-truist",https://www.everacyber.com/checkup-start?utm_source=instagram&utm_medium=social&utm_campaign=free-scam-guide&utm_content=free-scam-guide-22-truist,#EveraCyber #HomeCybersecurity #KernCounty
05,05-free-scam-guide-22-usbank.jpg,Square 1080×1080 — Facebook / TikTok,"Your phone says ""U.S. Bank"" is calling. Could still be a stranger with a fake caller ID.

Scammers spoof banks like U.S. Bank all the time. They may know your name or last charge. That doesn't prove it's real.

Hang up and call the number on your card, or ask Evera before you share anything.

Start your free cyber checkup here: https://www.everacyber.com/checkup-start?utm_source=facebook&utm_medium=social&utm_campaign=free-scam-guide&utm_content=free-scam-guide-22-usbank",https://www.everacyber.com/checkup-start?utm_source=facebook&utm_medium=social&utm_campaign=free-scam-guide&utm_content=free-scam-guide-22-usbank,#EveraCyber #HomeCybersecurity #KernCounty
05,05-free-scam-guide-22-usbank-ig.jpg,Portrait 1080×1350 — Instagram,"Your phone says ""U.S. Bank"" is calling. Could still be a stranger with a fake caller ID.

Scammers spoof banks like U.S. Bank all the time. They may know your name or last charge. That doesn't prove it's real.

Hang up and call the number on your card, or ask Evera before you share anything.

Start your free cyber checkup here: https://www.everacyber.com/checkup-start?utm_source=instagram&utm_medium=social&utm_campaign=free-scam-guide&utm_content=free-scam-guide-22-usbank",https://www.everacyber.com/checkup-start?utm_source=instagram&utm_medium=social&utm_campaign=free-scam-guide&utm_content=free-scam-guide-22-usbank,#EveraCyber #HomeCybersecurity #KernCounty
05,05-free-scam-guide-22-valleystrong.jpg,Square 1080×1080 — Facebook / TikTok,"Your phone says ""Valley Strong"" is calling. Could still be a stranger with a fake caller ID.

Scammers spoof banks like Valley Strong all the time. They may know your name or last charge. That doesn't prove it's real.

Hang up and call the number on your card, or ask Evera before you share anything.

Start your free cyber checkup here: https://www.everacyber.com/checkup-start?utm_source=facebook&utm_medium=social&utm_campaign=free-scam-guide&utm_content=free-scam-guide-22-valleystrong",https://www.everacyber.com/checkup-start?utm_source=facebook&utm_medium=social&utm_campaign=free-scam-guide&utm_content=free-scam-guide-22-valleystrong,#EveraCyber #HomeCybersecurity #KernCounty
05,05-free-scam-guide-22-valleystrong-ig.jpg,Portrait 1080×1350 — Instagram,"Your phone says ""Valley Strong"" is calling. Could still be a stranger with a fake caller ID.

Scammers spoof banks like Valley Strong all the time. They may know your name or last charge. That doesn't prove it's real.

Hang up and call the number on your card, or ask Evera before you share anything.

Start your free cyber checkup here: https://www.everacyber.com/checkup-start?utm_source=instagram&utm_medium=social&utm_campaign=free-scam-guide&utm_content=free-scam-guide-22-valleystrong",https://www.everacyber.com/checkup-start?utm_source=instagram&utm_medium=social&utm_campaign=free-scam-guide&utm_content=free-scam-guide-22-valleystrong,#EveraCyber #HomeCybersecurity #KernCounty
05,05-free-scam-guide-22-wellsfargo.jpg,Square 1080×1080 — Facebook / TikTok,"Your phone says ""Wells Fargo"" is calling. Could still be a stranger with a fake caller ID.

Scammers spoof banks like Wells Fargo all the time. They may know your name or last charge. That doesn't prove it's real.

Hang up and call the number on your card, or ask Evera before you share anything.

Start your free cyber checkup here: https://www.everacyber.com/checkup-start?utm_source=facebook&utm_medium=social&utm_campaign=free-scam-guide&utm_content=free-scam-guide-22-wellsfargo",https://www.everacyber.com/checkup-start?utm_source=facebook&utm_medium=social&utm_campaign=free-scam-guide&utm_content=free-scam-guide-22-wellsfargo,#EveraCyber #HomeCybersecurity #KernCounty
05,05-free-scam-guide-22-wellsfargo-ig.jpg,Portrait 1080×1350 — Instagram,"Your phone says ""Wells Fargo"" is calling. Could still be a stranger with a fake caller ID.

Scammers spoof banks like Wells Fargo all the time. They may know your name or last charge. That doesn't prove it's real.

Hang up and call the number on your card, or ask Evera before you share anything.

Start your free cyber checkup here: https://www.everacyber.com/checkup-start?utm_source=instagram&utm_medium=social&utm_campaign=free-scam-guide&utm_content=free-scam-guide-22-wellsfargo",https://www.everacyber.com/checkup-start?utm_source=instagram&utm_medium=social&utm_campaign=free-scam-guide&utm_content=free-scam-guide-22-wellsfargo,#EveraCyber #HomeCybersecurity #KernCounty
05,05-free-scam-guide-22.jpg,Square 1080×1080 — Facebook / TikTok,"Bank on the caller ID doesn't mean bank on the phone.

We put together a free scam guide with the scripts we hear every week. Read it before the next ""fraud alert"" text hits.

Start your free cyber checkup here: https://www.everacyber.com/checkup-start?utm_source=facebook&utm_medium=social&utm_campaign=free-scam-guide&utm_content=free-scam-guide-22",https://www.everacyber.com/checkup-start?utm_source=facebook&utm_medium=social&utm_campaign=free-scam-guide&utm_content=free-scam-guide-22,#EveraCyber #HomeCybersecurity #KernCounty
05,05-free-scam-guide-22-ig.jpg,Portrait 1080×1350 — Instagram,"Bank on the caller ID doesn't mean bank on the phone.

We put together a free scam guide with the scripts we hear every week. Read it before the next ""fraud alert"" text hits.

Start your free cyber checkup here: https://www.everacyber.com/checkup-start?utm_source=instagram&utm_medium=social&utm_campaign=free-scam-guide&utm_content=free-scam-guide-22",https://www.everacyber.com/checkup-start?utm_source=instagram&utm_medium=social&utm_campaign=free-scam-guide&utm_content=free-scam-guide-22,#EveraCyber #HomeCybersecurity #KernCounty
05,05-free-scam-guide-27.jpg,Square 1080×1080 — Facebook / TikTok,"IRS season brings real refunds and fake agents demanding gift cards.

The IRS does not threaten arrest over the phone. Save our number for when a relative forwards you a scary voicemail.

Start your free cyber checkup here: https://www.everacyber.com/checkup-start?utm_source=facebook&utm_medium=social&utm_campaign=free-scam-guide&utm_content=free-scam-guide-27",https://www.everacyber.com/checkup-start?utm_source=facebook&utm_medium=social&utm_campaign=free-scam-guide&utm_content=free-scam-guide-27,#EveraCyber #HomeCybersecurity #KernCounty
05,05-free-scam-guide-27-ig.jpg,Portrait 1080×1350 — Instagram,"IRS season brings real refunds and fake agents demanding gift cards.

The IRS does not threaten arrest over the phone. Save our number for when a relative forwards you a scary voicemail.

Start your free cyber checkup here: https://www.everacyber.com/checkup-start?utm_source=instagram&utm_medium=social&utm_campaign=free-scam-guide&utm_content=free-scam-guide-27",https://www.everacyber.com/checkup-start?utm_source=instagram&utm_medium=social&utm_campaign=free-scam-guide&utm_content=free-scam-guide-27,#EveraCyber #HomeCybersecurity #KernCounty
05,05-free-scam-guide-28.jpg,Square 1080×1080 — Facebook / TikTok,"Microsoft will not call because your home PC sent an error.

Those calls are scams. If someone wants remote access, hang up and tell us what they said.

Start your free cyber checkup here: https://www.everacyber.com/checkup-start?utm_source=facebook&utm_medium=social&utm_campaign=free-scam-guide&utm_content=free-scam-guide-28",https://www.everacyber.com/checkup-start?utm_source=facebook&utm_medium=social&utm_campaign=free-scam-guide&utm_content=free-scam-guide-28,#EveraCyber #HomeCybersecurity #KernCounty
05,05-free-scam-guide-28-ig.jpg,Portrait 1080×1350 — Instagram,"Microsoft will not call because your home PC sent an error.

Those calls are scams. If someone wants remote access, hang up and tell us what they said.

Start your free cyber checkup here: https://www.everacyber.com/checkup-start?utm_source=instagram&utm_medium=social&utm_campaign=free-scam-guide&utm_content=free-scam-guide-28",https://www.everacyber.com/checkup-start?utm_source=instagram&utm_medium=social&utm_campaign=free-scam-guide&utm_content=free-scam-guide-28,#EveraCyber #HomeCybersecurity #KernCounty
05,05-free-scam-guide-29.jpg,Square 1080×1080 — Facebook / TikTok,"Amazon ""account problem"" texts are everywhere in Kern County right now.

Log in by typing amazon.com yourself. Don't tap the link in the message.

Start your free cyber checkup here: https://www.everacyber.com/checkup-start?utm_source=facebook&utm_medium=social&utm_campaign=free-scam-guide&utm_content=free-scam-guide-29",https://www.everacyber.com/checkup-start?utm_source=facebook&utm_medium=social&utm_campaign=free-scam-guide&utm_content=free-scam-guide-29,#EveraCyber #HomeCybersecurity #KernCounty
05,05-free-scam-guide-29-ig.jpg,Portrait 1080×1350 — Instagram,"Amazon ""account problem"" texts are everywhere in Kern County right now.

Log in by typing amazon.com yourself. Don't tap the link in the message.

Start your free cyber checkup here: https://www.everacyber.com/checkup-start?utm_source=instagram&utm_medium=social&utm_campaign=free-scam-guide&utm_content=free-scam-guide-29",https://www.everacyber.com/checkup-start?utm_source=instagram&utm_medium=social&utm_campaign=free-scam-guide&utm_content=free-scam-guide-29,#EveraCyber #HomeCybersecurity #KernCounty
05,05-free-scam-guide-30-1-dad.jpg,Square 1080×1080 — Facebook / TikTok,"Dad almost bought gift cards because someone said his Social Security number was frozen.

Government agencies don't work that way. Share the guide with him before the next call.

Start your free cyber checkup here: https://www.everacyber.com/checkup-start?utm_source=facebook&utm_medium=social&utm_campaign=free-scam-guide&utm_content=free-scam-guide-30-1-dad",https://www.everacyber.com/checkup-start?utm_source=facebook&utm_medium=social&utm_campaign=free-scam-guide&utm_content=free-scam-guide-30-1-dad,#EveraCyber #HomeCybersecurity #KernCounty
05,05-free-scam-guide-30-1-dad-ig.jpg,Portrait 1080×1350 — Instagram,"Dad almost bought gift cards because someone said his Social Security number was frozen.

Government agencies don't work that way. Share the guide with him before the next call.

Start your free cyber checkup here: https://www.everacyber.com/checkup-start?utm_source=instagram&utm_medium=social&utm_campaign=free-scam-guide&utm_content=free-scam-guide-30-1-dad",https://www.everacyber.com/checkup-start?utm_source=instagram&utm_medium=social&utm_campaign=free-scam-guide&utm_content=free-scam-guide-30-1-dad,#EveraCyber #HomeCybersecurity #KernCounty
05,05-free-scam-guide-30-1-mom.jpg,Square 1080×1080 — Facebook / TikTok,"Mom forwarded a ""free prize"" email and asked if it's legit.

That's exactly when to step in. Our guide walks through the red flags she can spot herself.

Start your free cyber checkup here: https://www.everacyber.com/checkup-start?utm_source=facebook&utm_medium=social&utm_campaign=free-scam-guide&utm_content=free-scam-guide-30-1-mom",https://www.everacyber.com/checkup-start?utm_source=facebook&utm_medium=social&utm_campaign=free-scam-guide&utm_content=free-scam-guide-30-1-mom,#EveraCyber #HomeCybersecurity #KernCounty
05,05-free-scam-guide-30-1-mom-ig.jpg,Portrait 1080×1350 — Instagram,"Mom forwarded a ""free prize"" email and asked if it's legit.

That's exactly when to step in. Our guide walks through the red flags she can spot herself.

Start your free cyber checkup here: https://www.everacyber.com/checkup-start?utm_source=instagram&utm_medium=social&utm_campaign=free-scam-guide&utm_content=free-scam-guide-30-1-mom",https://www.everacyber.com/checkup-start?utm_source=instagram&utm_medium=social&utm_campaign=free-scam-guide&utm_content=free-scam-guide-30-1-mom,#EveraCyber #HomeCybersecurity #KernCounty
05,05-free-scam-guide-30-2.jpg,Square 1080×1080 — Facebook / TikTok,"Kids learn scams from TikTok. Parents learn them the hard way.

Our free scam guide is short enough to read at the kitchen table together.

Start your free cyber checkup here: https://www.everacyber.com/checkup-start?utm_source=facebook&utm_medium=social&utm_campaign=free-scam-guide&utm_content=free-scam-guide-30-2",https://www.everacyber.com/checkup-start?utm_source=facebook&utm_medium=social&utm_campaign=free-scam-guide&utm_content=free-scam-guide-30-2,#EveraCyber #HomeCybersecurity #KernCounty
05,05-free-scam-guide-30-2-ig.jpg,Portrait 1080×1350 — Instagram,"Kids learn scams from TikTok. Parents learn them the hard way.

Our free scam guide is short enough to read at the kitchen table together.

Start your free cyber checkup here: https://www.everacyber.com/checkup-start?utm_source=instagram&utm_medium=social&utm_campaign=free-scam-guide&utm_content=free-scam-guide-30-2",https://www.everacyber.com/checkup-start?utm_source=instagram&utm_medium=social&utm_campaign=free-scam-guide&utm_content=free-scam-guide-30-2,#EveraCyber #HomeCybersecurity #KernCounty
05,05-free-scam-guide-30-3.jpg,Square 1080×1080 — Facebook / TikTok,"Neighborhood group chat is great until someone posts a sketchy link ""for a deal.""

The guide covers how fake discounts steal login info.

Start your free cyber checkup here: https://www.everacyber.com/checkup-start?utm_source=facebook&utm_medium=social&utm_campaign=free-scam-guide&utm_content=free-scam-guide-30-3",https://www.everacyber.com/checkup-start?utm_source=facebook&utm_medium=social&utm_campaign=free-scam-guide&utm_content=free-scam-guide-30-3,#EveraCyber #HomeCybersecurity #KernCounty
05,05-free-scam-guide-30-3-ig.jpg,Portrait 1080×1350 — Instagram,"Neighborhood group chat is great until someone posts a sketchy link ""for a deal.""

The guide covers how fake discounts steal login info.

Start your free cyber checkup here: https://www.everacyber.com/checkup-start?utm_source=instagram&utm_medium=social&utm_campaign=free-scam-guide&utm_content=free-scam-guide-30-3",https://www.everacyber.com/checkup-start?utm_source=instagram&utm_medium=social&utm_campaign=free-scam-guide&utm_content=free-scam-guide-30-3,#EveraCyber #HomeCybersecurity #KernCounty
05,05-free-scam-guide-31.jpg,Square 1080×1080 — Facebook / TikTok,"You don't need to be paranoid. You need a checklist.

Download the free scam guide and keep it where everyone in the house can see it.

Start your free cyber checkup here: https://www.everacyber.com/checkup-start?utm_source=facebook&utm_medium=social&utm_campaign=free-scam-guide&utm_content=free-scam-guide-31",https://www.everacyber.com/checkup-start?utm_source=facebook&utm_medium=social&utm_campaign=free-scam-guide&utm_content=free-scam-guide-31,#EveraCyber #HomeCybersecurity #KernCounty
05,05-free-scam-guide-31-ig.jpg,Portrait 1080×1350 — Instagram,"You don't need to be paranoid. You need a checklist.

Download the free scam guide and keep it where everyone in the house can see it.

Start your free cyber checkup here: https://www.everacyber.com/checkup-start?utm_source=instagram&utm_medium=social&utm_campaign=free-scam-guide&utm_content=free-scam-guide-31",https://www.everacyber.com/checkup-start?utm_source=instagram&utm_medium=social&utm_campaign=free-scam-guide&utm_content=free-scam-guide-31,#EveraCyber #HomeCybersecurity #KernCounty
06,06-talk-to-a-real-person-8.jpg,Square 1080×1080 — Facebook / TikTok,"Tired of chatbots that send you in circles when your computer is acting up?

Evera answers with real people in the U.S. You can call when something feels wrong, not just when software throws an error code.

That's the whole point of how we're set up.

Start your free cyber checkup here: https://www.everacyber.com/checkup-start?utm_source=facebook&utm_medium=social&utm_campaign=talk-to-a-real-person&utm_content=talk-to-a-real-person-8",https://www.everacyber.com/checkup-start?utm_source=facebook&utm_medium=social&utm_campaign=talk-to-a-real-person&utm_content=talk-to-a-real-person-8,#EveraCyber #HomeCybersecurity #CyberSafety
06,06-talk-to-a-real-person-8-ig.jpg,Portrait 1080×1350 — Instagram,"Tired of chatbots that send you in circles when your computer is acting up?

Evera answers with real people in the U.S. You can call when something feels wrong, not just when software throws an error code.

That's the whole point of how we're set up.

Start your free cyber checkup here: https://www.everacyber.com/checkup-start?utm_source=instagram&utm_medium=social&utm_campaign=talk-to-a-real-person&utm_content=talk-to-a-real-person-8",https://www.everacyber.com/checkup-start?utm_source=instagram&utm_medium=social&utm_campaign=talk-to-a-real-person&utm_content=talk-to-a-real-person-8,#EveraCyber #HomeCybersecurity #CyberSafety
07,07-launch-special-l1.jpg,Square 1080×1080 — Facebook / TikTok,"Evera is new in town, but the scams aren't.

We combine always‑on protection with U.S.-based support so you're not on hold with someone reading a script overseas.

Start your free cyber checkup here: https://www.everacyber.com/checkup-start?utm_source=facebook&utm_medium=social&utm_campaign=launch-special&utm_content=launch-special-l1",https://www.everacyber.com/checkup-start?utm_source=facebook&utm_medium=social&utm_campaign=launch-special&utm_content=launch-special-l1,#EveraCyber #HomeCybersecurity #CyberSafety
07,07-launch-special-l1-ig.jpg,Portrait 1080×1350 — Instagram,"Evera is new in town, but the scams aren't.

We combine always‑on protection with U.S.-based support so you're not on hold with someone reading a script overseas.

Start your free cyber checkup here: https://www.everacyber.com/checkup-start?utm_source=instagram&utm_medium=social&utm_campaign=launch-special&utm_content=launch-special-l1",https://www.everacyber.com/checkup-start?utm_source=instagram&utm_medium=social&utm_campaign=launch-special&utm_content=launch-special-l1,#EveraCyber #HomeCybersecurity #CyberSafety
07,07-launch-special-l10.jpg,Square 1080×1080 — Facebook / TikTok,"We're building Evera for the long haul in communities we live in.

We also have a limited-time Founding Member offer that locks in your pricing for the first 12 months. Come say hi and see if we're a good fit.

Start your free cyber checkup here: https://www.everacyber.com/checkup-start?utm_source=facebook&utm_medium=social&utm_campaign=launch-special&utm_content=launch-special-l10",https://www.everacyber.com/checkup-start?utm_source=facebook&utm_medium=social&utm_campaign=launch-special&utm_content=launch-special-l10,#EveraCyber #HomeCybersecurity #CyberSafety
07,07-launch-special-l10-ig.jpg,Portrait 1080×1350 — Instagram,"We're building Evera for the long haul in communities we live in.

We also have a limited-time Founding Member offer that locks in your pricing for the first 12 months. Come say hi and see if we're a good fit.

Start your free cyber checkup here: https://www.everacyber.com/checkup-start?utm_source=instagram&utm_medium=social&utm_campaign=launch-special&utm_content=launch-special-l10",https://www.everacyber.com/checkup-start?utm_source=instagram&utm_medium=social&utm_campaign=launch-special&utm_content=launch-special-l10,#EveraCyber #HomeCybersecurity #CyberSafety
07,07-launch-special-l2-bak.jpg,Square 1080×1080 — Facebook / TikTok,"Bakersfield neighbors, home Wi‑Fi shouldn't be the weak link while everything else in the house is smart.

Evera is live in Kern County with plans for real families and real phones you can call. We also have a limited-time Founding Member offer that locks in your pricing for the first 12 months.

Start your free cyber checkup here: https://www.everacyber.com/checkup-start?utm_source=facebook&utm_medium=social&utm_campaign=launch-special&utm_content=launch-special-l2-bak",https://www.everacyber.com/checkup-start?utm_source=facebook&utm_medium=social&utm_campaign=launch-special&utm_content=launch-special-l2-bak,#EveraCyber #HomeCybersecurity #KernCounty
07,07-launch-special-l2-bak-ig.jpg,Portrait 1080×1350 — Instagram,"Bakersfield neighbors, home Wi‑Fi shouldn't be the weak link while everything else in the house is smart.

Evera is live in Kern County with plans for real families and real phones you can call. We also have a limited-time Founding Member offer that locks in your pricing for the first 12 months.

Start your free cyber checkup here: https://www.everacyber.com/checkup-start?utm_source=instagram&utm_medium=social&utm_campaign=launch-special&utm_content=launch-special-l2-bak",https://www.everacyber.com/checkup-start?utm_source=instagram&utm_medium=social&utm_campaign=launch-special&utm_content=launch-special-l2-bak,#EveraCyber #HomeCybersecurity #KernCounty
07,07-launch-special-l2-mem1.jpg,Square 1080×1080 — Facebook / TikTok,"Memphis friends, did you get another sketchy text about a missed delivery today?

We're local now, and we built Evera for households that want protection without a corporate help desk. We also have a limited-time Founding Member offer that locks in your pricing for the first 12 months.

Personal $24/mo, Home+ $49/mo, Family $74/mo, all monthly.

Start your free cyber checkup here: https://www.everacyber.com/memphis1?utm_source=facebook&utm_medium=social&utm_campaign=launch-special&utm_content=launch-special-l2-mem1",https://www.everacyber.com/memphis1?utm_source=facebook&utm_medium=social&utm_campaign=launch-special&utm_content=launch-special-l2-mem1,#EveraCyber #HomeCybersecurity #Memphis
07,07-launch-special-l2-mem1-ig.jpg,Portrait 1080×1350 — Instagram,"Memphis friends, did you get another sketchy text about a missed delivery today?

We're local now, and we built Evera for households that want protection without a corporate help desk. We also have a limited-time Founding Member offer that locks in your pricing for the first 12 months.

Personal $24/mo, Home+ $49/mo, Family $74/mo, all monthly.

Start your free cyber checkup here: https://www.everacyber.com/memphis1?utm_source=instagram&utm_medium=social&utm_campaign=launch-special&utm_content=launch-special-l2-mem1",https://www.everacyber.com/memphis1?utm_source=instagram&utm_medium=social&utm_campaign=launch-special&utm_content=launch-special-l2-mem1,#EveraCyber #HomeCybersecurity #Memphis
07,07-launch-special-l2-mem2.jpg,Square 1080×1080 — Facebook / TikTok,"Memphis friends, did you get another sketchy text about a missed delivery today?

We're local now, and we built Evera for households that want protection without a corporate help desk. We also have a limited-time Founding Member offer that locks in your pricing for the first 12 months.

Personal $24/mo, Home+ $49/mo, Family $74/mo, all monthly.

Start your free cyber checkup here: https://www.everacyber.com/memphis1?utm_source=facebook&utm_medium=social&utm_campaign=launch-special&utm_content=launch-special-l2-mem2",https://www.everacyber.com/memphis1?utm_source=facebook&utm_medium=social&utm_campaign=launch-special&utm_content=launch-special-l2-mem2,#EveraCyber #HomeCybersecurity #Memphis
07,07-launch-special-l2-mem2-ig.jpg,Portrait 1080×1350 — Instagram,"Memphis friends, did you get another sketchy text about a missed delivery today?

We're local now, and we built Evera for households that want protection without a corporate help desk. We also have a limited-time Founding Member offer that locks in your pricing for the first 12 months.

Personal $24/mo, Home+ $49/mo, Family $74/mo, all monthly.

Start your free cyber checkup here: https://www.everacyber.com/memphis1?utm_source=instagram&utm_medium=social&utm_campaign=launch-special&utm_content=launch-special-l2-mem2",https://www.everacyber.com/memphis1?utm_source=instagram&utm_medium=social&utm_campaign=launch-special&utm_content=launch-special-l2-mem2,#EveraCyber #HomeCybersecurity #Memphis
07,07-launch-special-l3.jpg,Square 1080×1080 — Facebook / TikTok,"Launch week is a good time to finally deal with the old laptop in the guest room.

Founding Member pricing locks your rate for the first 12 months while we grow locally.

Start your free cyber checkup here: https://www.everacyber.com/checkup-start?utm_source=facebook&utm_medium=social&utm_campaign=launch-special&utm_content=launch-special-l3",https://www.everacyber.com/checkup-start?utm_source=facebook&utm_medium=social&utm_campaign=launch-special&utm_content=launch-special-l3,#EveraCyber #HomeCybersecurity #CyberSafety
07,07-launch-special-l3-ig.jpg,Portrait 1080×1350 — Instagram,"Launch week is a good time to finally deal with the old laptop in the guest room.

Founding Member pricing locks your rate for the first 12 months while we grow locally.

Start your free cyber checkup here: https://www.everacyber.com/checkup-start?utm_source=instagram&utm_medium=social&utm_campaign=launch-special&utm_content=launch-special-l3",https://www.everacyber.com/checkup-start?utm_source=instagram&utm_medium=social&utm_campaign=launch-special&utm_content=launch-special-l3,#EveraCyber #HomeCybersecurity #CyberSafety
07,07-launch-special-l4.jpg,Square 1080×1080 — Facebook / TikTok,"You shouldn't need a computer science degree to keep your family safe online.

We keep the tech running quietly and pick up the phone when you're worried.

Start your free cyber checkup here: https://www.everacyber.com/checkup-start?utm_source=facebook&utm_medium=social&utm_campaign=launch-special&utm_content=launch-special-l4",https://www.everacyber.com/checkup-start?utm_source=facebook&utm_medium=social&utm_campaign=launch-special&utm_content=launch-special-l4,#EveraCyber #HomeCybersecurity #CyberSafety
07,07-launch-special-l4-ig.jpg,Portrait 1080×1350 — Instagram,"You shouldn't need a computer science degree to keep your family safe online.

We keep the tech running quietly and pick up the phone when you're worried.

Start your free cyber checkup here: https://www.everacyber.com/checkup-start?utm_source=instagram&utm_medium=social&utm_campaign=launch-special&utm_content=launch-special-l4",https://www.everacyber.com/checkup-start?utm_source=instagram&utm_medium=social&utm_campaign=launch-special&utm_content=launch-special-l4,#EveraCyber #HomeCybersecurity #CyberSafety
07,07-launch-special-l5.jpg,Square 1080×1080 — Facebook / TikTok,"If you've been waiting for a simpler option than piecing together five apps, this is it.

Plans start at Personal $24/mo (regular $29), Home+ $49/mo ($59), and Family $74/mo ($89). Add-ons include extra computer $15/mo, Internet Protection $14/mo, Remote Tech Support $49/mo, and Identity Protection $19/mo. We also have a limited-time Founding Member offer that locks in your pricing for the first 12 months.

Start your free cyber checkup here: https://www.everacyber.com/checkup-start?utm_source=facebook&utm_medium=social&utm_campaign=launch-special&utm_content=launch-special-l5",https://www.everacyber.com/checkup-start?utm_source=facebook&utm_medium=social&utm_campaign=launch-special&utm_content=launch-special-l5,#EveraCyber #HomeCybersecurity #CyberSafety
07,07-launch-special-l5-ig.jpg,Portrait 1080×1350 — Instagram,"If you've been waiting for a simpler option than piecing together five apps, this is it.

Plans start at Personal $24/mo (regular $29), Home+ $49/mo ($59), and Family $74/mo ($89). Add-ons include extra computer $15/mo, Internet Protection $14/mo, Remote Tech Support $49/mo, and Identity Protection $19/mo. We also have a limited-time Founding Member offer that locks in your pricing for the first 12 months.

Start your free cyber checkup here: https://www.everacyber.com/checkup-start?utm_source=instagram&utm_medium=social&utm_campaign=launch-special&utm_content=launch-special-l5",https://www.everacyber.com/checkup-start?utm_source=instagram&utm_medium=social&utm_campaign=launch-special&utm_content=launch-special-l5,#EveraCyber #HomeCybersecurity #CyberSafety
07,07-launch-special-l6.jpg,Square 1080×1080 — Facebook / TikTok,"Neighbors keep asking us what we do differently.

We watch your devices, block junk, and you talk to a real person here in the U.S. when something smells off.

Start your free cyber checkup here: https://www.everacyber.com/checkup-start?utm_source=facebook&utm_medium=social&utm_campaign=launch-special&utm_content=launch-special-l6",https://www.everacyber.com/checkup-start?utm_source=facebook&utm_medium=social&utm_campaign=launch-special&utm_content=launch-special-l6,#EveraCyber #HomeCybersecurity #CyberSafety
07,07-launch-special-l6-ig.jpg,Portrait 1080×1350 — Instagram,"Neighbors keep asking us what we do differently.

We watch your devices, block junk, and you talk to a real person here in the U.S. when something smells off.

Start your free cyber checkup here: https://www.everacyber.com/checkup-start?utm_source=instagram&utm_medium=social&utm_campaign=launch-special&utm_content=launch-special-l6",https://www.everacyber.com/checkup-start?utm_source=instagram&utm_medium=social&utm_campaign=launch-special&utm_content=launch-special-l6,#EveraCyber #HomeCybersecurity #CyberSafety
07,07-launch-special-l7.jpg,Square 1080×1080 — Facebook / TikTok,"Still forwarding scam screenshots to your group chat?

Forward them to us instead. That's what we're here for.

Start your free cyber checkup here: https://www.everacyber.com/checkup-start?utm_source=facebook&utm_medium=social&utm_campaign=launch-special&utm_content=launch-special-l7",https://www.everacyber.com/checkup-start?utm_source=facebook&utm_medium=social&utm_campaign=launch-special&utm_content=launch-special-l7,#EveraCyber #HomeCybersecurity #CyberSafety
07,07-launch-special-l7-ig.jpg,Portrait 1080×1350 — Instagram,"Still forwarding scam screenshots to your group chat?

Forward them to us instead. That's what we're here for.

Start your free cyber checkup here: https://www.everacyber.com/checkup-start?utm_source=instagram&utm_medium=social&utm_campaign=launch-special&utm_content=launch-special-l7",https://www.everacyber.com/checkup-start?utm_source=instagram&utm_medium=social&utm_campaign=launch-special&utm_content=launch-special-l7,#EveraCyber #HomeCybersecurity #CyberSafety
07,07-launch-special-l8.jpg,Square 1080×1080 — Facebook / TikTok,"Launch specials come and go. Locked‑in pricing for 12 months doesn't have to.

Founding Member rates are open now for Bakersfield and Memphis households.

Start your free cyber checkup here: https://www.everacyber.com/checkup-start?utm_source=facebook&utm_medium=social&utm_campaign=launch-special&utm_content=launch-special-l8",https://www.everacyber.com/checkup-start?utm_source=facebook&utm_medium=social&utm_campaign=launch-special&utm_content=launch-special-l8,#EveraCyber #HomeCybersecurity #CyberSafety
07,07-launch-special-l8-ig.jpg,Portrait 1080×1350 — Instagram,"Launch specials come and go. Locked‑in pricing for 12 months doesn't have to.

Founding Member rates are open now for Bakersfield and Memphis households.

Start your free cyber checkup here: https://www.everacyber.com/checkup-start?utm_source=instagram&utm_medium=social&utm_campaign=launch-special&utm_content=launch-special-l8",https://www.everacyber.com/checkup-start?utm_source=instagram&utm_medium=social&utm_campaign=launch-special&utm_content=launch-special-l8,#EveraCyber #HomeCybersecurity #CyberSafety
07,07-launch-special-l9.jpg,Square 1080×1080 — Facebook / TikTok,"Your home has a lock on the front door. Your router deserves the same energy.

Start with a free checkup, then pick a plan that fits how your family actually uses the internet.

Start your free cyber checkup here: https://www.everacyber.com/checkup-start?utm_source=facebook&utm_medium=social&utm_campaign=launch-special&utm_content=launch-special-l9",https://www.everacyber.com/checkup-start?utm_source=facebook&utm_medium=social&utm_campaign=launch-special&utm_content=launch-special-l9,#EveraCyber #HomeCybersecurity #CyberSafety
07,07-launch-special-l9-ig.jpg,Portrait 1080×1350 — Instagram,"Your home has a lock on the front door. Your router deserves the same energy.

Start with a free checkup, then pick a plan that fits how your family actually uses the internet.

Start your free cyber checkup here: https://www.everacyber.com/checkup-start?utm_source=instagram&utm_medium=social&utm_campaign=launch-special&utm_content=launch-special-l9",https://www.everacyber.com/checkup-start?utm_source=instagram&utm_medium=social&utm_campaign=launch-special&utm_content=launch-special-l9,#EveraCyber #HomeCybersecurity #CyberSafety
08,08-scam-quiz-5.jpg,Square 1080×1080 — Facebook / TikTok,"Could you spot a fake delivery text before you tapped the link?

Most folks miss one or two on our scam quiz the first time. It's a quick way to see what your household already knows.

No grades, just practical examples from real cases we see.

Take the scam awareness quiz here: https://www.everacyber.com/checkup-start?utm_source=facebook&utm_medium=social&utm_campaign=scam-quiz&utm_content=scam-quiz-5",https://www.everacyber.com/checkup-start?utm_source=facebook&utm_medium=social&utm_campaign=scam-quiz&utm_content=scam-quiz-5,#EveraCyber #HomeCybersecurity #CyberSafety
08,08-scam-quiz-5-ig.jpg,Portrait 1080×1350 — Instagram,"Could you spot a fake delivery text before you tapped the link?

Most folks miss one or two on our scam quiz the first time. It's a quick way to see what your household already knows.

No grades, just practical examples from real cases we see.

Take the scam awareness quiz here: https://www.everacyber.com/checkup-start?utm_source=instagram&utm_medium=social&utm_campaign=scam-quiz&utm_content=scam-quiz-5",https://www.everacyber.com/checkup-start?utm_source=instagram&utm_medium=social&utm_campaign=scam-quiz&utm_content=scam-quiz-5,#EveraCyber #HomeCybersecurity #CyberSafety
